,üìé,Rapide(period),Lente,Positive(transaction),Negative,Total,Benefice
0,‚ùó,5,8,100.0 %,0.0 %,2,0.319 %
1,‚ùó,5,9,100.0 %,0.0 %,2,0.765 %
2,‚ùó,5,10,100.0 %,0.0 %,2,0.765 %
3,‚ùó,5,11,100.0 %,0.0 %,2,-0.262 %
4,‚ùó,5,12,100.0 %,0.0 %,2,-0.181 %
5,‚ùó,5,13,100.0 %,0.0 %,2,-0.892 %
6,‚ùó,5,14,100.0 %,0.0 %,1,-0.451 %
7,‚ùó,5,15,100.0 %,0.0 %,1,-0.451 %
8,‚ùó,5,16,100.0 %,0.0 %,1,-0.253 %
9,‚ùó,5,17,100.0 %,0.0 %,1,-0.492 %
10,‚ùó,5,18,100.0 %,0.0 %,1,-0.492 %
11,‚ùó,5,19,100.0 %,0.0 %,1,-0.992 %
12,‚ùó,5,20,100.0 %,0.0 %,1,-0.174 %
13,‚ùó,6,9,100.0 %,0.0 %,2,0.765 %
14,‚ùó,6,10,100.0 %,0.0 %,2,0.216 %
15,‚ùó,6,11,100.0 %,0.0 %,2,0.39 %
16,‚ùó,6,12,100.0 %,0.0 %,3,-0.525 %
17,‚ùó,6,13,100.0 %,0.0 %,2,-1.377 %
18,‚ùó,6,14,100.0 %,0.0 %,1,-0.451 %
19,‚ùó,6,15,100.0 %,0.0 %,1,-0.716 %
20,‚ùó,6,16,100.0 %,0.0 %,1,-0.518 %
21,‚ùó,6,17,100.0 %,0.0 %,1,-0.492 %
22,‚ùó,6,18,100.0 %,0.0 %,1,-0.992 %
23,‚ùó,6,19,100.0 %,0.0 %,1,-1.071 %
24,‚ùó,6,20,100.0 %,0.0 %,1,-0.611 %
25,‚ùó,7,10,100.0 %,0.0 %,2,0.11 %
26,‚ùó,7,11,100.0 %,0.0 %,2,0.098 %
27,‚ùó,7,12,100.0 %,0.0 %,2,-1.18 %
28,‚ùó,7,13,100.0 %,0.0 %,2,-1.142 %
29,‚ùó,7,14,100.0 %,0.0 %,1,-0.451 %
30,‚ùó,7,15,100.0 %,0.0 %,1,-0.518 %
31,‚ùó,7,16,100.0 %,0.0 %,1,-0.598 %
32,‚ùó,7,17,100.0 %,0.0 %,1,-0.572 %
33,‚ùó,7,18,100.0 %,0.0 %,1,-1.071 %
34,‚ùó,7,19,100.0 %,0.0 %,1,-0.611 %
35,‚ùó,7,20,100.0 %,0.0 %,1,-0.611 %
36,‚ùó,8,11,100.0 %,0.0 %,2,-1.18 %
37,‚ùó,8,12,100.0 %,0.0 %,2,-1.18 %
38,‚ùó,8,13,100.0 %,0.0 %,2,-1.142 %
39,‚ùó,8,14,100.0 %,0.0 %,2,-0.887 %
40,‚ùó,8,15,100.0 %,0.0 %,1,-0.518 %
41,‚ùó,8,16,100.0 %,0.0 %,1,-0.572 %
42,‚ùó,8,17,100.0 %,0.0 %,1,-0.572 %
43,‚ùó,8,18,100.0 %,0.0 %,1,-1.071 %
44,‚ùó,8,19,100.0 %,0.0 %,1,-0.186 %
45,‚ùó,8,20,100.0 %,0.0 %,1,0.254 %
46,‚ùó,9,12,100.0 %,0.0 %,2,-1.052 %
47,‚ùó,9,13,100.0 %,0.0 %,2,-0.887 %
48,‚ùó,9,14,100.0 %,0.0 %,2,-0.954 %
49,‚ùó,9,15,100.0 %,0.0 %,1,-0.518 %
50,‚ùó,9,16,100.0 %,0.0 %,1,-0.572 %
51,‚ùó,9,17,100.0 %,0.0 %,1,-1.071 %
52,‚ùó,9,18,100.0 %,0.0 %,1,-1.071 %
53,‚ùó,9,19,100.0 %,0.0 %,1,-0.186 %
54,‚ùó,9,20,100.0 %,0.0 %,1,-0.4 %
55,‚ùó,10,13,100.0 %,0.0 %,2,-0.979 %
56,‚ùó,10,14,100.0 %,0.0 %,2,-0.979 %
57,‚ùó,10,15,100.0 %,0.0 %,2,-1.536 %
58,‚ùó,10,16,100.0 %,0.0 %,1,-0.572 %
59,‚ùó,10,17,100.0 %,0.0 %,1,-0.648 %
60,‚ùó,10,18,100.0 %,0.0 %,1,-0.186 %
61,‚ùó,10,19,100.0 %,0.0 %,1,-0.186 %
62,‚ùó,10,20,100.0 %,0.0 %,1,-0.4 %
63,‚ùó,11,14,100.0 %,0.0 %,2,-1.615 %
64,‚ùó,11,15,100.0 %,0.0 %,2,-1.73 %
65,‚ùó,11,16,100.0 %,0.0 %,2,-2.685 %
66,‚ùó,11,17,100.0 %,0.0 %,1,-0.648 %
67,‚ùó,11,18,100.0 %,0.0 %,1,-0.186 %
68,‚ùó,11,19,100.0 %,0.0 %,1,-0.4 %
69,‚ùó,11,20,100.0 %,0.0 %,1,-0.4 %
70,‚ùó,12,15,100.0 %,0.0 %,2,-2.685 %
71,‚ùó,12,16,100.0 %,0.0 %,2,-2.635 %
72,‚ùó,12,17,100.0 %,0.0 %,1,-0.186 %
73,‚ùó,12,18,100.0 %,0.0 %,1,-0.837 %
74,‚ùó,12,19,100.0 %,0.0 %,1,-0.4 %
75,‚ùó,12,20,100.0 %,0.0 %,1,-1.048 %
76,‚ùó,13,16,100.0 %,0.0 %,2,-2.182 %
77,‚ùó,13,17,100.0 %,0.0 %,2,-2.41 %
78,‚ùó,13,18,100.0 %,0.0 %,1,-0.4 %
79,‚ùó,13,19,100.0 %,0.0 %,1,0.093 %
80,‚ùó,13,20,100.0 %,0.0 %,1,-0.557 %
81,‚ùó,14,17,100.0 %,0.0 %,2,-3.26 %
82,‚ùó,14,18,100.0 %,0.0 %,2,-2.539 %
83,‚ùó,14,19,100.0 %,0.0 %,1,-0.557 %
84,‚ùó,14,20,100.0 %,0.0 %,1,-0.517 %
85,‚ùó,15,18,100.0 %,0.0 %,2,-3.985 %
86,‚ùó,15,19,100.0 %,0.0 %,1,-0.517 %
87,‚ùó,15,20,100.0 %,0.0 %,1,-0.239 %
88,‚ùó,16,19,100.0 %,0.0 %,1,-0.517 %
89,‚ùó,16,20,100.0 %,0.0 %,1,-0.239 %
90,‚ùó,17,20,100.0 %,0.0 %,1,-0.12 %
