GHO (CODE),GHO (DISPLAY),GHO (URL),PUBLISHSTATE (CODE),PUBLISHSTATE (DISPLAY),PUBLISHSTATE (URL),YEAR (CODE),YEAR (DISPLAY),YEAR (URL),REGION (CODE),REGION (DISPLAY),REGION (URL),WORLDBANKINCOMEGROUP (CODE),STARTYEAR,ENDYEAR,WORLDBANKINCOMEGROUP (DISPLAY),WORLDBANKINCOMEGROUP (URL),COUNTRY (CODE),COUNTRY (DISPLAY),COUNTRY (URL),Display Value,Numeric,Low,High,StdErr,StdDev,Comments
#indicator+code,#indicator+name,#indicator+url,#status+code,#status+name,,,#date+year,,#region+code,#region+name,,,#date+year+start,#date+year+end,,,#country+code,#country+name,,,#indicator+value+num,,,,,
CHOLERA_0000000002,Number of reported deaths from cholera,https://www.who.int/data/gho/indicator-metadata-registry/imr-details/2446,PUBLISHED,Published,,1978,1978,,AFR,Africa,,,1978,1978,,,COG,Congo,,14,14.00000,,,,,
CHOLERA_0000000002,Number of reported deaths from cholera,https://www.who.int/data/gho/indicator-metadata-registry/imr-details/2446,PUBLISHED,Published,,1979,1979,,AFR,Africa,,,1979,1979,,,COG,Congo,,0,0.00000,,,,,
CHOLERA_0000000002,Number of reported deaths from cholera,https://www.who.int/data/gho/indicator-metadata-registry/imr-details/2446,PUBLISHED,Published,,2009,2009,,AFR,Africa,,,2009,2009,,,COG,Congo,,0,0.00000,,,,,
CHOLERA_0000000002,Number of reported deaths from cholera,https://www.who.int/data/gho/indicator-metadata-registry/imr-details/2446,PUBLISHED,Published,,2008,2008,,AFR,Africa,,,2008,2008,,,COG,Congo,,4,4.00000,,,,,
CHOLERA_0000000002,Number of reported deaths from cholera,https://www.who.int/data/gho/indicator-metadata-registry/imr-details/2446,PUBLISHED,Published,,2007,2007,,AFR,Africa,,,2007,2007,,,COG,Congo,,133,133.00000,,,,,
CHOLERA_0000000002,Number of reported deaths from cholera,https://www.who.int/data/gho/indicator-metadata-registry/imr-details/2446,PUBLISHED,Published,,2006,2006,,AFR,Africa,,,2006,2006,,,COG,Congo,,10,10.00000,,,,,
CHOLERA_0000000002,Number of reported deaths from cholera,https://www.who.int/data/gho/indicator-metadata-registry/imr-details/2446,PUBLISHED,Published,,2005,2005,,AFR,Africa,,,2005,2005,,,COG,Congo,,0,0.00000,,,,,
CHOLERA_0000000002,Number of reported deaths from cholera,https://www.who.int/data/gho/indicator-metadata-registry/imr-details/2446,PUBLISHED,Published,,1997,1997,,AFR,Africa,,,1997,1997,,,COG,Congo,,60,60.00000,,,,,
CHOLERA_0000000002,Number of reported deaths from cholera,https://www.who.int/data/gho/indicator-metadata-registry/imr-details/2446,PUBLISHED,Published,,1998,1998,,AFR,Africa,,,1998,1998,,,COG,Congo,,22,22.00000,,,,,
CHOLERA_0000000002,Number of reported deaths from cholera,https://www.who.int/data/gho/indicator-metadata-registry/imr-details/2446,PUBLISHED,Published,,1999,1999,,AFR,Africa,,,1999,1999,,,COG,Congo,,20,20.00000,,,,,
CHOLERA_0000000002,Number of reported deaths from cholera,https://www.who.int/data/gho/indicator-metadata-registry/imr-details/2446,PUBLISHED,Published,,2000,2000,,AFR,Africa,,,2000,2000,,,COG,Congo,,2,2.00000,,,,,
MENING_1,Number of suspected meningitis deaths reported,https://www.who.int/data/gho/indicator-metadata-registry/imr-details/2478,PUBLISHED,Published,,1978,1978,,AFR,Africa,,,1978,1978,,,COG,Congo,,56,,,,,,
MENING_1,Number of suspected meningitis deaths reported,https://www.who.int/data/gho/indicator-metadata-registry/imr-details/2478,PUBLISHED,Published,,1979,1979,,AFR,Africa,,,1979,1979,,,COG,Congo,,59,,,,,,
MENING_1,Number of suspected meningitis deaths reported,https://www.who.int/data/gho/indicator-metadata-registry/imr-details/2478,PUBLISHED,Published,,1980,1980,,AFR,Africa,,,1980,1980,,,COG,Congo,,32,,,,,,
MENING_1,Number of suspected meningitis deaths reported,https://www.who.int/data/gho/indicator-metadata-registry/imr-details/2478,PUBLISHED,Published,,1984,1984,,AFR,Africa,,,1984,1984,,,COG,Congo,,6,,,,,,
MENING_1,Number of suspected meningitis deaths reported,https://www.who.int/data/gho/indicator-metadata-registry/imr-details/2478,PUBLISHED,Published,,1985,1985,,AFR,Africa,,,1985,1985,,,COG,Congo,,6,,,,,,
MENING_1,Number of suspected meningitis deaths reported,https://www.who.int/data/gho/indicator-metadata-registry/imr-details/2478,PUBLISHED,Published,,1988,1988,,AFR,Africa,,,1988,1988,,,COG,Congo,,7,,,,,,
MENING_1,Number of suspected meningitis deaths reported,https://www.who.int/data/gho/indicator-metadata-registry/imr-details/2478,PUBLISHED,Published,,2000,2000,,AFR,Africa,,,2000,2000,,,COG,Congo,,0,,,,,,
MENING_1,Number of suspected meningitis deaths reported,https://www.who.int/data/gho/indicator-metadata-registry/imr-details/2478,PUBLISHED,Published,,2001,2001,,AFR,Africa,,,2001,2001,,,COG,Congo,,0,,,,,,
MENING_1,Number of suspected meningitis deaths reported,https://www.who.int/data/gho/indicator-metadata-registry/imr-details/2478,PUBLISHED,Published,,2002,2002,,AFR,Africa,,,2002,2002,,,COG,Congo,,2,,,,,,
MENING_1,Number of suspected meningitis deaths reported,https://www.who.int/data/gho/indicator-metadata-registry/imr-details/2478,PUBLISHED,Published,,1977,1977,,AFR,Africa,,,1977,1977,,,COG,Congo,,31,,,,,,
MENING_1,Number of suspected meningitis deaths reported,https://www.who.int/data/gho/indicator-metadata-registry/imr-details/2478,PUBLISHED,Published,,1981,1981,,AFR,Africa,,,1981,1981,,,COG,Congo,,27,,,,,,
MENING_1,Number of suspected meningitis deaths reported,https://www.who.int/data/gho/indicator-metadata-registry/imr-details/2478,PUBLISHED,Published,,2003,2003,,AFR,Africa,,,2003,2003,,,COG,Congo,,6,,,,,,
CHOLERA_0000000001,Number of reported cases of cholera,https://www.who.int/data/gho/indicator-metadata-registry/imr-details/42,PUBLISHED,Published,,1978,1978,,AFR,Africa,,,1978,1978,,,COG,Congo,,51,,,,,,
CHOLERA_0000000001,Number of reported cases of cholera,https://www.who.int/data/gho/indicator-metadata-registry/imr-details/42,PUBLISHED,Published,,1979,1979,,AFR,Africa,,,1979,1979,,,COG,Congo,,5,,,,,,
CHOLERA_0000000001,Number of reported cases of cholera,https://www.who.int/data/gho/indicator-metadata-registry/imr-details/42,PUBLISHED,Published,,2008,2008,,AFR,Africa,,,2008,2008,,,COG,Congo,,156,,,,,,
CHOLERA_0000000001,Number of reported cases of cholera,https://www.who.int/data/gho/indicator-metadata-registry/imr-details/42,PUBLISHED,Published,,2007,2007,,AFR,Africa,,,2007,2007,,,COG,Congo,,7785,,,,,,
CHOLERA_0000000001,Number of reported cases of cholera,https://www.who.int/data/gho/indicator-metadata-registry/imr-details/42,PUBLISHED,Published,,2006,2006,,AFR,Africa,,,2006,2006,,,COG,Congo,,175,,,,,,
CHOLERA_0000000001,Number of reported cases of cholera,https://www.who.int/data/gho/indicator-metadata-registry/imr-details/42,PUBLISHED,Published,,2005,2005,,AFR,Africa,,,2005,2005,,,COG,Congo,,0,,,,,,
CHOLERA_0000000001,Number of reported cases of cholera,https://www.who.int/data/gho/indicator-metadata-registry/imr-details/42,PUBLISHED,Published,,1997,1997,,AFR,Africa,,,1997,1997,,,COG,Congo,,275,,,,,,
CHOLERA_0000000001,Number of reported cases of cholera,https://www.who.int/data/gho/indicator-metadata-registry/imr-details/42,PUBLISHED,Published,,1998,1998,,AFR,Africa,,,1998,1998,,,COG,Congo,,3222,,,,,,
CHOLERA_0000000001,Number of reported cases of cholera,https://www.who.int/data/gho/indicator-metadata-registry/imr-details/42,PUBLISHED,Published,,1999,1999,,AFR,Africa,,,1999,1999,,,COG,Congo,,4813,,,,,,
CHOLERA_0000000001,Number of reported cases of cholera,https://www.who.int/data/gho/indicator-metadata-registry/imr-details/42,PUBLISHED,Published,,2000,2000,,AFR,Africa,,,2000,2000,,,COG,Congo,,9,,,,,,
CHOLERA_0000000001,Number of reported cases of cholera,https://www.who.int/data/gho/indicator-metadata-registry/imr-details/42,PUBLISHED,Published,,2009,2009,,AFR,Africa,,,2009,2009,,,COG,Congo,,93,,,,,,
CHOLERA_0000000001,Number of reported cases of cholera,https://www.who.int/data/gho/indicator-metadata-registry/imr-details/42,PUBLISHED,Published,,2011,2011,,WPR,Western Pacific,,,2011,2011,,,COG,Congo,,762,762.00000,,,,,
CHOLERA_0000000003,Cholera case fatality rate,https://www.who.int/data/gho/indicator-metadata-registry/imr-details/2445,PUBLISHED,Published,,1978,1978,,AFR,Africa,,,1978,1978,,,COG,Congo,,27.45,,,,,,
CHOLERA_0000000003,Cholera case fatality rate,https://www.who.int/data/gho/indicator-metadata-registry/imr-details/2445,PUBLISHED,Published,,1979,1979,,AFR,Africa,,,1979,1979,,,COG,Congo,,0,,,,,,
CHOLERA_0000000003,Cholera case fatality rate,https://www.who.int/data/gho/indicator-metadata-registry/imr-details/2445,PUBLISHED,Published,,2009,2009,,AFR,Africa,,,2009,2009,,,COG,Congo,,0,,,,,,
CHOLERA_0000000003,Cholera case fatality rate,https://www.who.int/data/gho/indicator-metadata-registry/imr-details/2445,PUBLISHED,Published,,2008,2008,,AFR,Africa,,,2008,2008,,,COG,Congo,,2.56,,,,,,
CHOLERA_0000000003,Cholera case fatality rate,https://www.who.int/data/gho/indicator-metadata-registry/imr-details/2445,PUBLISHED,Published,,2007,2007,,AFR,Africa,,,2007,2007,,,COG,Congo,,1.71,,,,,,
CHOLERA_0000000003,Cholera case fatality rate,https://www.who.int/data/gho/indicator-metadata-registry/imr-details/2445,PUBLISHED,Published,,2006,2006,,AFR,Africa,,,2006,2006,,,COG,Congo,,5.71,,,,,,
CHOLERA_0000000003,Cholera case fatality rate,https://www.who.int/data/gho/indicator-metadata-registry/imr-details/2445,PUBLISHED,Published,,2005,2005,,AFR,Africa,,,2005,2005,,,COG,Congo,,0,,,,,,
CHOLERA_0000000003,Cholera case fatality rate,https://www.who.int/data/gho/indicator-metadata-registry/imr-details/2445,PUBLISHED,Published,,1997,1997,,AFR,Africa,,,1997,1997,,,COG,Congo,,21.82,,,,,,
CHOLERA_0000000003,Cholera case fatality rate,https://www.who.int/data/gho/indicator-metadata-registry/imr-details/2445,PUBLISHED,Published,,1998,1998,,AFR,Africa,,,1998,1998,,,COG,Congo,,0.68,,,,,,
CHOLERA_0000000003,Cholera case fatality rate,https://www.who.int/data/gho/indicator-metadata-registry/imr-details/2445,PUBLISHED,Published,,1999,1999,,AFR,Africa,,,1999,1999,,,COG,Congo,,0.42,,,,,,
CHOLERA_0000000003,Cholera case fatality rate,https://www.who.int/data/gho/indicator-metadata-registry/imr-details/2445,PUBLISHED,Published,,2000,2000,,AFR,Africa,,,2000,2000,,,COG,Congo,,22.22,,,,,,
CHOLERA_0000000001,Number of reported cases of cholera,https://www.who.int/data/gho/indicator-metadata-registry/imr-details/42,PUBLISHED,Published,,2012,2012,,AFR,Africa,,,2012,2012,,,COG,Congo,,1181,1181.00000,,,,,
CHOLERA_0000000002,Number of reported deaths from cholera,https://www.who.int/data/gho/indicator-metadata-registry/imr-details/2446,PUBLISHED,Published,,2012,2012,,AFR,Africa,,,2012,2012,,,COG,Congo,,37,37.00000,,,,,
CHOLERA_0000000003,Cholera case fatality rate,https://www.who.int/data/gho/indicator-metadata-registry/imr-details/2445,PUBLISHED,Published,,2012,2012,,AFR,Africa,,,2012,2012,,,COG,Congo,,3.13,3.13000,,,,,
CHOLERA_0000000001,Number of reported cases of cholera,https://www.who.int/data/gho/indicator-metadata-registry/imr-details/42,PUBLISHED,Published,,2013,2013,,AFR,Africa,,,2013,2013,,,COG,Congo,,1624,1624.00000,,,,,
CHOLERA_0000000002,Number of reported deaths from cholera,https://www.who.int/data/gho/indicator-metadata-registry/imr-details/2446,PUBLISHED,Published,,2013,2013,,AFR,Africa,,,2013,2013,,,COG,Congo,,221,221.00000,,,,,
CHOLERA_0000000003,Cholera case fatality rate,https://www.who.int/data/gho/indicator-metadata-registry/imr-details/2445,PUBLISHED,Published,,2013,2013,,AFR,Africa,,,2013,2013,,,COG,Congo,,13.61,13.61000,,,,,
CHOLERA_0000000001,Number of reported cases of cholera,https://www.who.int/data/gho/indicator-metadata-registry/imr-details/42,PUBLISHED,Published,,2016,2016,,AFR,Africa,,,2016,2016,,,COG,Congo,,15,15.00000,,,,,
CHOLERA_0000000002,Number of reported deaths from cholera,https://www.who.int/data/gho/indicator-metadata-registry/imr-details/2446,PUBLISHED,Published,,2016,2016,,AFR,Africa,,,2016,2016,,,COG,Congo,,2,2.00000,,,,,
CHOLERA_0000000003,Cholera case fatality rate,https://www.who.int/data/gho/indicator-metadata-registry/imr-details/2445,PUBLISHED,Published,,2016,2016,,AFR,Africa,,,2016,2016,,,COG,Congo,,13.3,13.33333,,,,,
WHS3_49,Poliomyelitis - number of reported cases,https://www.who.int/data/gho/indicator-metadata-registry/imr-details/51,PUBLISHED,Published,,2018,2018,,AFR,Africa,,,2018,2018,,,COG,Congo,,0,0.00000,,,,,
WHS3_49,Poliomyelitis - number of reported cases,https://www.who.int/data/gho/indicator-metadata-registry/imr-details/51,PUBLISHED,Published,,2017,2017,,AFR,Africa,,,2017,2017,,,COG,Congo,,0,0.00000,,,,,
WHS3_49,Poliomyelitis - number of reported cases,https://www.who.int/data/gho/indicator-metadata-registry/imr-details/51,PUBLISHED,Published,,2016,2016,,AFR,Africa,,,2016,2016,,,COG,Congo,,0,0.00000,,,,,
WHS3_49,Poliomyelitis - number of reported cases,https://www.who.int/data/gho/indicator-metadata-registry/imr-details/51,PUBLISHED,Published,,2015,2015,,AFR,Africa,,,2015,2015,,,COG,Congo,,0,0.00000,,,,,
WHS3_49,Poliomyelitis - number of reported cases,https://www.who.int/data/gho/indicator-metadata-registry/imr-details/51,PUBLISHED,Published,,2014,2014,,AFR,Africa,,,2014,2014,,,COG,Congo,,0,0.00000,,,,,
WHS3_49,Poliomyelitis - number of reported cases,https://www.who.int/data/gho/indicator-metadata-registry/imr-details/51,PUBLISHED,Published,,2013,2013,,AFR,Africa,,,2013,2013,,,COG,Congo,,0,0.00000,,,,,
WHS3_49,Poliomyelitis - number of reported cases,https://www.who.int/data/gho/indicator-metadata-registry/imr-details/51,PUBLISHED,Published,,2012,2012,,AFR,Africa,,,2012,2012,,,COG,Congo,,0,0.00000,,,,,
WHS3_49,Poliomyelitis - number of reported cases,https://www.who.int/data/gho/indicator-metadata-registry/imr-details/51,PUBLISHED,Published,,2011,2011,,AFR,Africa,,,2011,2011,,,COG,Congo,,1,1.00000,,,,,
WHS3_49,Poliomyelitis - number of reported cases,https://www.who.int/data/gho/indicator-metadata-registry/imr-details/51,PUBLISHED,Published,,2010,2010,,AFR,Africa,,,2010,2010,,,COG,Congo,,441,441.00000,,,,,
WHS3_49,Poliomyelitis - number of reported cases,https://www.who.int/data/gho/indicator-metadata-registry/imr-details/51,PUBLISHED,Published,,2009,2009,,AFR,Africa,,,2009,2009,,,COG,Congo,,0,0.00000,,,,,
WHS3_49,Poliomyelitis - number of reported cases,https://www.who.int/data/gho/indicator-metadata-registry/imr-details/51,PUBLISHED,Published,,2008,2008,,AFR,Africa,,,2008,2008,,,COG,Congo,,0,0.00000,,,,,
WHS3_49,Poliomyelitis - number of reported cases,https://www.who.int/data/gho/indicator-metadata-registry/imr-details/51,PUBLISHED,Published,,2007,2007,,AFR,Africa,,,2007,2007,,,COG,Congo,,0,0.00000,,,,,
WHS3_49,Poliomyelitis - number of reported cases,https://www.who.int/data/gho/indicator-metadata-registry/imr-details/51,PUBLISHED,Published,,2006,2006,,AFR,Africa,,,2006,2006,,,COG,Congo,,0,0.00000,,,,,
WHS3_49,Poliomyelitis - number of reported cases,https://www.who.int/data/gho/indicator-metadata-registry/imr-details/51,PUBLISHED,Published,,2005,2005,,AFR,Africa,,,2005,2005,,,COG,Congo,,0,0.00000,,,,,
WHS3_49,Poliomyelitis - number of reported cases,https://www.who.int/data/gho/indicator-metadata-registry/imr-details/51,PUBLISHED,Published,,2004,2004,,AFR,Africa,,,2004,2004,,,COG,Congo,,0,0.00000,,,,,
WHS3_49,Poliomyelitis - number of reported cases,https://www.who.int/data/gho/indicator-metadata-registry/imr-details/51,PUBLISHED,Published,,2003,2003,,AFR,Africa,,,2003,2003,,,COG,Congo,,0,0.00000,,,,,
WHS3_49,Poliomyelitis - number of reported cases,https://www.who.int/data/gho/indicator-metadata-registry/imr-details/51,PUBLISHED,Published,,2002,2002,,AFR,Africa,,,2002,2002,,,COG,Congo,,0,0.00000,,,,,
WHS3_49,Poliomyelitis - number of reported cases,https://www.who.int/data/gho/indicator-metadata-registry/imr-details/51,PUBLISHED,Published,,2001,2001,,AFR,Africa,,,2001,2001,,,COG,Congo,,0,0.00000,,,,,
WHS3_49,Poliomyelitis - number of reported cases,https://www.who.int/data/gho/indicator-metadata-registry/imr-details/51,PUBLISHED,Published,,2000,2000,,AFR,Africa,,,2000,2000,,,COG,Congo,,47,47.00000,,,,,
WHS3_49,Poliomyelitis - number of reported cases,https://www.who.int/data/gho/indicator-metadata-registry/imr-details/51,PUBLISHED,Published,,1999,1999,,AFR,Africa,,,1999,1999,,,COG,Congo,,10,10.00000,,,,,
WHS3_49,Poliomyelitis - number of reported cases,https://www.who.int/data/gho/indicator-metadata-registry/imr-details/51,PUBLISHED,Published,,1998,1998,,AFR,Africa,,,1998,1998,,,COG,Congo,,0,0.00000,,,,,
WHS3_49,Poliomyelitis - number of reported cases,https://www.who.int/data/gho/indicator-metadata-registry/imr-details/51,PUBLISHED,Published,,1997,1997,,AFR,Africa,,,1997,1997,,,COG,Congo,,0,0.00000,,,,,
WHS3_49,Poliomyelitis - number of reported cases,https://www.who.int/data/gho/indicator-metadata-registry/imr-details/51,PUBLISHED,Published,,1996,1996,,AFR,Africa,,,1996,1996,,,COG,Congo,,0,0.00000,,,,,
WHS3_49,Poliomyelitis - number of reported cases,https://www.who.int/data/gho/indicator-metadata-registry/imr-details/51,PUBLISHED,Published,,1995,1995,,AFR,Africa,,,1995,1995,,,COG,Congo,,0,0.00000,,,,,
WHS3_49,Poliomyelitis - number of reported cases,https://www.who.int/data/gho/indicator-metadata-registry/imr-details/51,PUBLISHED,Published,,1994,1994,,AFR,Africa,,,1994,1994,,,COG,Congo,,0,0.00000,,,,,
WHS3_49,Poliomyelitis - number of reported cases,https://www.who.int/data/gho/indicator-metadata-registry/imr-details/51,PUBLISHED,Published,,1993,1993,,AFR,Africa,,,1993,1993,,,COG,Congo,,0,0.00000,,,,,
WHS3_49,Poliomyelitis - number of reported cases,https://www.who.int/data/gho/indicator-metadata-registry/imr-details/51,PUBLISHED,Published,,1992,1992,,AFR,Africa,,,1992,1992,,,COG,Congo,,0,0.00000,,,,,
WHS3_49,Poliomyelitis - number of reported cases,https://www.who.int/data/gho/indicator-metadata-registry/imr-details/51,PUBLISHED,Published,,1991,1991,,AFR,Africa,,,1991,1991,,,COG,Congo,,0,0.00000,,,,,
WHS3_49,Poliomyelitis - number of reported cases,https://www.who.int/data/gho/indicator-metadata-registry/imr-details/51,PUBLISHED,Published,,1990,1990,,AFR,Africa,,,1990,1990,,,COG,Congo,,0,0.00000,,,,,
WHS3_49,Poliomyelitis - number of reported cases,https://www.who.int/data/gho/indicator-metadata-registry/imr-details/51,PUBLISHED,Published,,1989,1989,,AFR,Africa,,,1989,1989,,,COG,Congo,,0,0.00000,,,,,
WHS3_49,Poliomyelitis - number of reported cases,https://www.who.int/data/gho/indicator-metadata-registry/imr-details/51,PUBLISHED,Published,,1988,1988,,AFR,Africa,,,1988,1988,,,COG,Congo,,1,1.00000,,,,,
WHS3_49,Poliomyelitis - number of reported cases,https://www.who.int/data/gho/indicator-metadata-registry/imr-details/51,PUBLISHED,Published,,1987,1987,,AFR,Africa,,,1987,1987,,,COG,Congo,,1,1.00000,,,,,
WHS3_49,Poliomyelitis - number of reported cases,https://www.who.int/data/gho/indicator-metadata-registry/imr-details/51,PUBLISHED,Published,,1986,1986,,AFR,Africa,,,1986,1986,,,COG,Congo,,12,12.00000,,,,,
WHS3_49,Poliomyelitis - number of reported cases,https://www.who.int/data/gho/indicator-metadata-registry/imr-details/51,PUBLISHED,Published,,1985,1985,,AFR,Africa,,,1985,1985,,,COG,Congo,,6,6.00000,,,,,
WHS3_49,Poliomyelitis - number of reported cases,https://www.who.int/data/gho/indicator-metadata-registry/imr-details/51,PUBLISHED,Published,,1984,1984,,AFR,Africa,,,1984,1984,,,COG,Congo,,12,12.00000,,,,,
WHS3_49,Poliomyelitis - number of reported cases,https://www.who.int/data/gho/indicator-metadata-registry/imr-details/51,PUBLISHED,Published,,1983,1983,,AFR,Africa,,,1983,1983,,,COG,Congo,,16,16.00000,,,,,
WHS3_49,Poliomyelitis - number of reported cases,https://www.who.int/data/gho/indicator-metadata-registry/imr-details/51,PUBLISHED,Published,,1982,1982,,AFR,Africa,,,1982,1982,,,COG,Congo,,9,9.00000,,,,,
WHS3_49,Poliomyelitis - number of reported cases,https://www.who.int/data/gho/indicator-metadata-registry/imr-details/51,PUBLISHED,Published,,1981,1981,,AFR,Africa,,,1981,1981,,,COG,Congo,,19,19.00000,,,,,
WHS3_49,Poliomyelitis - number of reported cases,https://www.who.int/data/gho/indicator-metadata-registry/imr-details/51,PUBLISHED,Published,,1980,1980,,AFR,Africa,,,1980,1980,,,COG,Congo,,136,136.00000,,,,,
WHS3_41,Diphtheria - number of reported cases,https://www.who.int/data/gho/indicator-metadata-registry/imr-details/43,PUBLISHED,Published,,1974,1974,,AFR,Africa,,WB_LMI,1974,1974,Lower-middle-income,,COG,Congo,,5,5.00000,,,,,
WHS3_41,Diphtheria - number of reported cases,https://www.who.int/data/gho/indicator-metadata-registry/imr-details/43,PUBLISHED,Published,,1975,1975,,AFR,Africa,,WB_LMI,1975,1975,Lower-middle-income,,COG,Congo,,2,2.00000,,,,,
WHS3_41,Diphtheria - number of reported cases,https://www.who.int/data/gho/indicator-metadata-registry/imr-details/43,PUBLISHED,Published,,1976,1976,,AFR,Africa,,WB_LMI,1976,1976,Lower-middle-income,,COG,Congo,,2,2.00000,,,,,
WHS3_41,Diphtheria - number of reported cases,https://www.who.int/data/gho/indicator-metadata-registry/imr-details/43,PUBLISHED,Published,,1977,1977,,AFR,Africa,,WB_LMI,1977,1977,Lower-middle-income,,COG,Congo,,0,0.00000,,,,,
WHS3_41,Diphtheria - number of reported cases,https://www.who.int/data/gho/indicator-metadata-registry/imr-details/43,PUBLISHED,Published,,1978,1978,,AFR,Africa,,WB_LMI,1978,1978,Lower-middle-income,,COG,Congo,,1,1.00000,,,,,
WHS3_41,Diphtheria - number of reported cases,https://www.who.int/data/gho/indicator-metadata-registry/imr-details/43,PUBLISHED,Published,,1979,1979,,AFR,Africa,,WB_LMI,1979,1979,Lower-middle-income,,COG,Congo,,1,1.00000,,,,,
WHS3_41,Diphtheria - number of reported cases,https://www.who.int/data/gho/indicator-metadata-registry/imr-details/43,PUBLISHED,Published,,1980,1980,,AFR,Africa,,WB_LMI,1980,1980,Lower-middle-income,,COG,Congo,,2,2.00000,,,,,
WHS3_41,Diphtheria - number of reported cases,https://www.who.int/data/gho/indicator-metadata-registry/imr-details/43,PUBLISHED,Published,,1981,1981,,AFR,Africa,,WB_LMI,1981,1981,Lower-middle-income,,COG,Congo,,1,1.00000,,,,,
WHS3_41,Diphtheria - number of reported cases,https://www.who.int/data/gho/indicator-metadata-registry/imr-details/43,PUBLISHED,Published,,1982,1982,,AFR,Africa,,WB_LMI,1982,1982,Lower-middle-income,,COG,Congo,,0,0.00000,,,,,
WHS3_41,Diphtheria - number of reported cases,https://www.who.int/data/gho/indicator-metadata-registry/imr-details/43,PUBLISHED,Published,,1983,1983,,AFR,Africa,,WB_LMI,1983,1983,Lower-middle-income,,COG,Congo,,0,0.00000,,,,,
WHS3_41,Diphtheria - number of reported cases,https://www.who.int/data/gho/indicator-metadata-registry/imr-details/43,PUBLISHED,Published,,1984,1984,,AFR,Africa,,WB_LMI,1984,1984,Lower-middle-income,,COG,Congo,,0,0.00000,,,,,
WHS3_41,Diphtheria - number of reported cases,https://www.who.int/data/gho/indicator-metadata-registry/imr-details/43,PUBLISHED,Published,,1985,1985,,AFR,Africa,,WB_LMI,1985,1985,Lower-middle-income,,COG,Congo,,0,0.00000,,,,,
WHS3_41,Diphtheria - number of reported cases,https://www.who.int/data/gho/indicator-metadata-registry/imr-details/43,PUBLISHED,Published,,1986,1986,,AFR,Africa,,WB_LMI,1986,1986,Lower-middle-income,,COG,Congo,,0,0.00000,,,,,
WHS3_41,Diphtheria - number of reported cases,https://www.who.int/data/gho/indicator-metadata-registry/imr-details/43,PUBLISHED,Published,,1987,1987,,AFR,Africa,,WB_LMI,1987,1987,Lower-middle-income,,COG,Congo,,0,0.00000,,,,,
WHS3_41,Diphtheria - number of reported cases,https://www.who.int/data/gho/indicator-metadata-registry/imr-details/43,PUBLISHED,Published,,1988,1988,,AFR,Africa,,WB_LMI,1988,1988,Lower-middle-income,,COG,Congo,,0,0.00000,,,,,
WHS3_41,Diphtheria - number of reported cases,https://www.who.int/data/gho/indicator-metadata-registry/imr-details/43,PUBLISHED,Published,,1989,1989,,AFR,Africa,,WB_LMI,1989,1989,Lower-middle-income,,COG,Congo,,0,0.00000,,,,,
WHS3_41,Diphtheria - number of reported cases,https://www.who.int/data/gho/indicator-metadata-registry/imr-details/43,PUBLISHED,Published,,1990,1990,,AFR,Africa,,WB_LMI,1990,1990,Lower-middle-income,,COG,Congo,,0,0.00000,,,,,
WHS3_41,Diphtheria - number of reported cases,https://www.who.int/data/gho/indicator-metadata-registry/imr-details/43,PUBLISHED,Published,,1991,1991,,AFR,Africa,,WB_LMI,1991,1991,Lower-middle-income,,COG,Congo,,0,0.00000,,,,,
WHS3_41,Diphtheria - number of reported cases,https://www.who.int/data/gho/indicator-metadata-registry/imr-details/43,PUBLISHED,Published,,1995,1995,,AFR,Africa,,WB_LMI,1995,1995,Lower-middle-income,,COG,Congo,,0,0.00000,,,,,
WHS3_41,Diphtheria - number of reported cases,https://www.who.int/data/gho/indicator-metadata-registry/imr-details/43,PUBLISHED,Published,,1996,1996,,AFR,Africa,,WB_LMI,1996,1996,Lower-middle-income,,COG,Congo,,0,0.00000,,,,,
WHS3_41,Diphtheria - number of reported cases,https://www.who.int/data/gho/indicator-metadata-registry/imr-details/43,PUBLISHED,Published,,1997,1997,,AFR,Africa,,WB_LMI,1997,1997,Lower-middle-income,,COG,Congo,,0,0.00000,,,,,
WHS3_41,Diphtheria - number of reported cases,https://www.who.int/data/gho/indicator-metadata-registry/imr-details/43,PUBLISHED,Published,,1999,1999,,AFR,Africa,,WB_LMI,1999,1999,Lower-middle-income,,COG,Congo,,0,0.00000,,,,,
WHS3_41,Diphtheria - number of reported cases,https://www.who.int/data/gho/indicator-metadata-registry/imr-details/43,PUBLISHED,Published,,2001,2001,,AFR,Africa,,WB_LMI,2001,2001,Lower-middle-income,,COG,Congo,,0,0.00000,,,,,
WHS3_41,Diphtheria - number of reported cases,https://www.who.int/data/gho/indicator-metadata-registry/imr-details/43,PUBLISHED,Published,,2002,2002,,AFR,Africa,,WB_LMI,2002,2002,Lower-middle-income,,COG,Congo,,0,0.00000,,,,,
WHS3_41,Diphtheria - number of reported cases,https://www.who.int/data/gho/indicator-metadata-registry/imr-details/43,PUBLISHED,Published,,2003,2003,,AFR,Africa,,WB_LMI,2003,2003,Lower-middle-income,,COG,Congo,,0,0.00000,,,,,
WHS3_41,Diphtheria - number of reported cases,https://www.who.int/data/gho/indicator-metadata-registry/imr-details/43,PUBLISHED,Published,,2005,2005,,AFR,Africa,,WB_LMI,2005,2005,Lower-middle-income,,COG,Congo,,0,0.00000,,,,,
WHS3_41,Diphtheria - number of reported cases,https://www.who.int/data/gho/indicator-metadata-registry/imr-details/43,PUBLISHED,Published,,2006,2006,,AFR,Africa,,WB_LMI,2006,2006,Lower-middle-income,,COG,Congo,,0,0.00000,,,,,
WHS3_41,Diphtheria - number of reported cases,https://www.who.int/data/gho/indicator-metadata-registry/imr-details/43,PUBLISHED,Published,,2007,2007,,AFR,Africa,,WB_LMI,2007,2007,Lower-middle-income,,COG,Congo,,0,0.00000,,,,,
WHS3_41,Diphtheria - number of reported cases,https://www.who.int/data/gho/indicator-metadata-registry/imr-details/43,PUBLISHED,Published,,2008,2008,,AFR,Africa,,WB_LMI,2008,2008,Lower-middle-income,,COG,Congo,,0,0.00000,,,,,
WHS3_41,Diphtheria - number of reported cases,https://www.who.int/data/gho/indicator-metadata-registry/imr-details/43,PUBLISHED,Published,,2009,2009,,AFR,Africa,,WB_LMI,2009,2009,Lower-middle-income,,COG,Congo,,0,0.00000,,,,,
WHS3_41,Diphtheria - number of reported cases,https://www.who.int/data/gho/indicator-metadata-registry/imr-details/43,PUBLISHED,Published,,2010,2010,,AFR,Africa,,WB_LMI,2010,2010,Lower-middle-income,,COG,Congo,,0,0.00000,,,,,
WHS3_41,Diphtheria - number of reported cases,https://www.who.int/data/gho/indicator-metadata-registry/imr-details/43,PUBLISHED,Published,,2011,2011,,AFR,Africa,,WB_LMI,2011,2011,Lower-middle-income,,COG,Congo,,0,0.00000,,,,,
WHS3_41,Diphtheria - number of reported cases,https://www.who.int/data/gho/indicator-metadata-registry/imr-details/43,PUBLISHED,Published,,2012,2012,,AFR,Africa,,WB_LMI,2012,2012,Lower-middle-income,,COG,Congo,,1,1.00000,,,,,
WHS3_41,Diphtheria - number of reported cases,https://www.who.int/data/gho/indicator-metadata-registry/imr-details/43,PUBLISHED,Published,,2013,2013,,AFR,Africa,,WB_LMI,2013,2013,Lower-middle-income,,COG,Congo,,0,0.00000,,,,,
WHS3_41,Diphtheria - number of reported cases,https://www.who.int/data/gho/indicator-metadata-registry/imr-details/43,PUBLISHED,Published,,2014,2014,,AFR,Africa,,WB_LMI,2014,2014,Lower-middle-income,,COG,Congo,,0,0.00000,,,,,
WHS3_41,Diphtheria - number of reported cases,https://www.who.int/data/gho/indicator-metadata-registry/imr-details/43,PUBLISHED,Published,,2016,2016,,AFR,Africa,,WB_LMI,2016,2016,Lower-middle-income,,COG,Congo,,0,0.00000,,,,,
WHS3_41,Diphtheria - number of reported cases,https://www.who.int/data/gho/indicator-metadata-registry/imr-details/43,PUBLISHED,Published,,2017,2017,,AFR,Africa,,WB_LMI,2017,2017,Lower-middle-income,,COG,Congo,,0,0.00000,,,,,
WHS3_41,Diphtheria - number of reported cases,https://www.who.int/data/gho/indicator-metadata-registry/imr-details/43,PUBLISHED,Published,,2018,2018,,AFR,Africa,,WB_LMI,2018,2018,Lower-middle-income,,COG,Congo,,0,0.00000,,,,,
WHS3_41,Diphtheria - number of reported cases,https://www.who.int/data/gho/indicator-metadata-registry/imr-details/43,PUBLISHED,Published,,2019,2019,,AFR,Africa,,WB_LMI,2019,2019,Lower-middle-income,,COG,Congo,,0,0.00000,,,,,
WHS3_41,Diphtheria - number of reported cases,https://www.who.int/data/gho/indicator-metadata-registry/imr-details/43,PUBLISHED,Published,,2020,2020,,AFR,Africa,,WB_LMI,2020,2020,Lower-middle-income,,COG,Congo,,10,10.00000,,,,,
WHS3_42,Japanese encephalitis - number of reported cases,https://www.who.int/data/gho/indicator-metadata-registry/imr-details/44,PUBLISHED,Published,,2006,2006,,AFR,Africa,,WB_LMI,2006,2006,Lower-middle-income,,COG,Congo,,0,0.00000,,,,,
WHS3_42,Japanese encephalitis - number of reported cases,https://www.who.int/data/gho/indicator-metadata-registry/imr-details/44,PUBLISHED,Published,,2007,2007,,AFR,Africa,,WB_LMI,2007,2007,Lower-middle-income,,COG,Congo,,0,0.00000,,,,,
WHS3_42,Japanese encephalitis - number of reported cases,https://www.who.int/data/gho/indicator-metadata-registry/imr-details/44,PUBLISHED,Published,,2008,2008,,AFR,Africa,,WB_LMI,2008,2008,Lower-middle-income,,COG,Congo,,0,0.00000,,,,,
WHS3_42,Japanese encephalitis - number of reported cases,https://www.who.int/data/gho/indicator-metadata-registry/imr-details/44,PUBLISHED,Published,,2009,2009,,AFR,Africa,,WB_LMI,2009,2009,Lower-middle-income,,COG,Congo,,0,0.00000,,,,,
WHS3_42,Japanese encephalitis - number of reported cases,https://www.who.int/data/gho/indicator-metadata-registry/imr-details/44,PUBLISHED,Published,,2010,2010,,AFR,Africa,,WB_LMI,2010,2010,Lower-middle-income,,COG,Congo,,0,0.00000,,,,,
WHS3_42,Japanese encephalitis - number of reported cases,https://www.who.int/data/gho/indicator-metadata-registry/imr-details/44,PUBLISHED,Published,,2012,2012,,AFR,Africa,,WB_LMI,2012,2012,Lower-middle-income,,COG,Congo,,0,0.00000,,,,,
WHS3_43,Pertussis - number of reported cases,https://www.who.int/data/gho/indicator-metadata-registry/imr-details/45,PUBLISHED,Published,,1974,1974,,AFR,Africa,,WB_LMI,1974,1974,Lower-middle-income,,COG,Congo,,7143,7143.00000,,,,,
WHS3_43,Pertussis - number of reported cases,https://www.who.int/data/gho/indicator-metadata-registry/imr-details/45,PUBLISHED,Published,,1975,1975,,AFR,Africa,,WB_LMI,1975,1975,Lower-middle-income,,COG,Congo,,4971,4971.00000,,,,,
WHS3_43,Pertussis - number of reported cases,https://www.who.int/data/gho/indicator-metadata-registry/imr-details/45,PUBLISHED,Published,,1976,1976,,AFR,Africa,,WB_LMI,1976,1976,Lower-middle-income,,COG,Congo,,7904,7904.00000,,,,,
WHS3_43,Pertussis - number of reported cases,https://www.who.int/data/gho/indicator-metadata-registry/imr-details/45,PUBLISHED,Published,,1977,1977,,AFR,Africa,,WB_LMI,1977,1977,Lower-middle-income,,COG,Congo,,7950,7950.00000,,,,,
WHS3_43,Pertussis - number of reported cases,https://www.who.int/data/gho/indicator-metadata-registry/imr-details/45,PUBLISHED,Published,,1978,1978,,AFR,Africa,,WB_LMI,1978,1978,Lower-middle-income,,COG,Congo,,6490,6490.00000,,,,,
WHS3_43,Pertussis - number of reported cases,https://www.who.int/data/gho/indicator-metadata-registry/imr-details/45,PUBLISHED,Published,,1979,1979,,AFR,Africa,,WB_LMI,1979,1979,Lower-middle-income,,COG,Congo,,4345,4345.00000,,,,,
WHS3_43,Pertussis - number of reported cases,https://www.who.int/data/gho/indicator-metadata-registry/imr-details/45,PUBLISHED,Published,,1980,1980,,AFR,Africa,,WB_LMI,1980,1980,Lower-middle-income,,COG,Congo,,11198,11198.00000,,,,,
WHS3_43,Pertussis - number of reported cases,https://www.who.int/data/gho/indicator-metadata-registry/imr-details/45,PUBLISHED,Published,,1981,1981,,AFR,Africa,,WB_LMI,1981,1981,Lower-middle-income,,COG,Congo,,1857,1857.00000,,,,,
WHS3_43,Pertussis - number of reported cases,https://www.who.int/data/gho/indicator-metadata-registry/imr-details/45,PUBLISHED,Published,,1982,1982,,AFR,Africa,,WB_LMI,1982,1982,Lower-middle-income,,COG,Congo,,1212,1212.00000,,,,,
WHS3_43,Pertussis - number of reported cases,https://www.who.int/data/gho/indicator-metadata-registry/imr-details/45,PUBLISHED,Published,,1983,1983,,AFR,Africa,,WB_LMI,1983,1983,Lower-middle-income,,COG,Congo,,1181,1181.00000,,,,,
WHS3_43,Pertussis - number of reported cases,https://www.who.int/data/gho/indicator-metadata-registry/imr-details/45,PUBLISHED,Published,,1984,1984,,AFR,Africa,,WB_LMI,1984,1984,Lower-middle-income,,COG,Congo,,1981,1981.00000,,,,,
WHS3_43,Pertussis - number of reported cases,https://www.who.int/data/gho/indicator-metadata-registry/imr-details/45,PUBLISHED,Published,,1985,1985,,AFR,Africa,,WB_LMI,1985,1985,Lower-middle-income,,COG,Congo,,772,772.00000,,,,,
WHS3_43,Pertussis - number of reported cases,https://www.who.int/data/gho/indicator-metadata-registry/imr-details/45,PUBLISHED,Published,,1986,1986,,AFR,Africa,,WB_LMI,1986,1986,Lower-middle-income,,COG,Congo,,667,667.00000,,,,,
WHS3_43,Pertussis - number of reported cases,https://www.who.int/data/gho/indicator-metadata-registry/imr-details/45,PUBLISHED,Published,,1987,1987,,AFR,Africa,,WB_LMI,1987,1987,Lower-middle-income,,COG,Congo,,47,47.00000,,,,,
WHS3_43,Pertussis - number of reported cases,https://www.who.int/data/gho/indicator-metadata-registry/imr-details/45,PUBLISHED,Published,,1988,1988,,AFR,Africa,,WB_LMI,1988,1988,Lower-middle-income,,COG,Congo,,61,61.00000,,,,,
WHS3_43,Pertussis - number of reported cases,https://www.who.int/data/gho/indicator-metadata-registry/imr-details/45,PUBLISHED,Published,,1989,1989,,AFR,Africa,,WB_LMI,1989,1989,Lower-middle-income,,COG,Congo,,47,47.00000,,,,,
WHS3_43,Pertussis - number of reported cases,https://www.who.int/data/gho/indicator-metadata-registry/imr-details/45,PUBLISHED,Published,,1990,1990,,AFR,Africa,,WB_LMI,1990,1990,Lower-middle-income,,COG,Congo,,52,52.00000,,,,,
WHS3_43,Pertussis - number of reported cases,https://www.who.int/data/gho/indicator-metadata-registry/imr-details/45,PUBLISHED,Published,,1991,1991,,AFR,Africa,,WB_LMI,1991,1991,Lower-middle-income,,COG,Congo,,93,93.00000,,,,,
WHS3_43,Pertussis - number of reported cases,https://www.who.int/data/gho/indicator-metadata-registry/imr-details/45,PUBLISHED,Published,,1995,1995,,AFR,Africa,,WB_LMI,1995,1995,Lower-middle-income,,COG,Congo,,144,144.00000,,,,,
WHS3_43,Pertussis - number of reported cases,https://www.who.int/data/gho/indicator-metadata-registry/imr-details/45,PUBLISHED,Published,,1996,1996,,AFR,Africa,,WB_LMI,1996,1996,Lower-middle-income,,COG,Congo,,48,48.00000,,,,,
WHS3_43,Pertussis - number of reported cases,https://www.who.int/data/gho/indicator-metadata-registry/imr-details/45,PUBLISHED,Published,,1997,1997,,AFR,Africa,,WB_LMI,1997,1997,Lower-middle-income,,COG,Congo,,8,8.00000,,,,,
WHS3_43,Pertussis - number of reported cases,https://www.who.int/data/gho/indicator-metadata-registry/imr-details/45,PUBLISHED,Published,,1999,1999,,AFR,Africa,,WB_LMI,1999,1999,Lower-middle-income,,COG,Congo,,17,17.00000,,,,,
WHS3_43,Pertussis - number of reported cases,https://www.who.int/data/gho/indicator-metadata-registry/imr-details/45,PUBLISHED,Published,,2000,2000,,AFR,Africa,,WB_LMI,2000,2000,Lower-middle-income,,COG,Congo,,0,0.00000,,,,,
WHS3_43,Pertussis - number of reported cases,https://www.who.int/data/gho/indicator-metadata-registry/imr-details/45,PUBLISHED,Published,,2001,2001,,AFR,Africa,,WB_LMI,2001,2001,Lower-middle-income,,COG,Congo,,31,31.00000,,,,,
WHS3_43,Pertussis - number of reported cases,https://www.who.int/data/gho/indicator-metadata-registry/imr-details/45,PUBLISHED,Published,,2002,2002,,AFR,Africa,,WB_LMI,2002,2002,Lower-middle-income,,COG,Congo,,38,38.00000,,,,,
WHS3_43,Pertussis - number of reported cases,https://www.who.int/data/gho/indicator-metadata-registry/imr-details/45,PUBLISHED,Published,,2003,2003,,AFR,Africa,,WB_LMI,2003,2003,Lower-middle-income,,COG,Congo,,0,0.00000,,,,,
WHS3_43,Pertussis - number of reported cases,https://www.who.int/data/gho/indicator-metadata-registry/imr-details/45,PUBLISHED,Published,,2006,2006,,AFR,Africa,,WB_LMI,2006,2006,Lower-middle-income,,COG,Congo,,108,108.00000,,,,,
WHS3_43,Pertussis - number of reported cases,https://www.who.int/data/gho/indicator-metadata-registry/imr-details/45,PUBLISHED,Published,,2007,2007,,AFR,Africa,,WB_LMI,2007,2007,Lower-middle-income,,COG,Congo,,55,55.00000,,,,,
WHS3_43,Pertussis - number of reported cases,https://www.who.int/data/gho/indicator-metadata-registry/imr-details/45,PUBLISHED,Published,,2008,2008,,AFR,Africa,,WB_LMI,2008,2008,Lower-middle-income,,COG,Congo,,0,0.00000,,,,,
WHS3_43,Pertussis - number of reported cases,https://www.who.int/data/gho/indicator-metadata-registry/imr-details/45,PUBLISHED,Published,,2009,2009,,AFR,Africa,,WB_LMI,2009,2009,Lower-middle-income,,COG,Congo,,0,0.00000,,,,,
WHS3_43,Pertussis - number of reported cases,https://www.who.int/data/gho/indicator-metadata-registry/imr-details/45,PUBLISHED,Published,,2010,2010,,AFR,Africa,,WB_LMI,2010,2010,Lower-middle-income,,COG,Congo,,0,0.00000,,,,,
WHS3_43,Pertussis - number of reported cases,https://www.who.int/data/gho/indicator-metadata-registry/imr-details/45,PUBLISHED,Published,,2011,2011,,AFR,Africa,,WB_LMI,2011,2011,Lower-middle-income,,COG,Congo,,0,0.00000,,,,,
WHS3_43,Pertussis - number of reported cases,https://www.who.int/data/gho/indicator-metadata-registry/imr-details/45,PUBLISHED,Published,,2012,2012,,AFR,Africa,,WB_LMI,2012,2012,Lower-middle-income,,COG,Congo,,12,12.00000,,,,,
WHS3_43,Pertussis - number of reported cases,https://www.who.int/data/gho/indicator-metadata-registry/imr-details/45,PUBLISHED,Published,,2013,2013,,AFR,Africa,,WB_LMI,2013,2013,Lower-middle-income,,COG,Congo,,137,137.00000,,,,,
WHS3_43,Pertussis - number of reported cases,https://www.who.int/data/gho/indicator-metadata-registry/imr-details/45,PUBLISHED,Published,,2014,2014,,AFR,Africa,,WB_LMI,2014,2014,Lower-middle-income,,COG,Congo,,21,21.00000,,,,,
WHS3_43,Pertussis - number of reported cases,https://www.who.int/data/gho/indicator-metadata-registry/imr-details/45,PUBLISHED,Published,,2016,2016,,AFR,Africa,,WB_LMI,2016,2016,Lower-middle-income,,COG,Congo,,0,0.00000,,,,,
WHS3_43,Pertussis - number of reported cases,https://www.who.int/data/gho/indicator-metadata-registry/imr-details/45,PUBLISHED,Published,,2017,2017,,AFR,Africa,,WB_LMI,2017,2017,Lower-middle-income,,COG,Congo,,0,0.00000,,,,,
WHS3_43,Pertussis - number of reported cases,https://www.who.int/data/gho/indicator-metadata-registry/imr-details/45,PUBLISHED,Published,,2018,2018,,AFR,Africa,,WB_LMI,2018,2018,Lower-middle-income,,COG,Congo,,0,0.00000,,,,,
WHS3_43,Pertussis - number of reported cases,https://www.who.int/data/gho/indicator-metadata-registry/imr-details/45,PUBLISHED,Published,,2019,2019,,AFR,Africa,,WB_LMI,2019,2019,Lower-middle-income,,COG,Congo,,0,0.00000,,,,,
WHS3_43,Pertussis - number of reported cases,https://www.who.int/data/gho/indicator-metadata-registry/imr-details/45,PUBLISHED,Published,,2020,2020,,AFR,Africa,,WB_LMI,2020,2020,Lower-middle-income,,COG,Congo,,34,34.00000,,,,,
WHS3_43,Pertussis - number of reported cases,https://www.who.int/data/gho/indicator-metadata-registry/imr-details/45,PUBLISHED,Published,,2021,2021,,AFR,Africa,,WB_LMI,2021,2021,Lower-middle-income,,COG,Congo,,8,8.00000,,,,,
WHS3_46,Total tetanus - number of reported cases,https://www.who.int/data/gho/indicator-metadata-registry/imr-details/48,PUBLISHED,Published,,1974,1974,,AFR,Africa,,WB_LMI,1974,1974,Lower-middle-income,,COG,Congo,,206,206.00000,,,,,
WHS3_46,Total tetanus - number of reported cases,https://www.who.int/data/gho/indicator-metadata-registry/imr-details/48,PUBLISHED,Published,,1975,1975,,AFR,Africa,,WB_LMI,1975,1975,Lower-middle-income,,COG,Congo,,225,225.00000,,,,,
WHS3_46,Total tetanus - number of reported cases,https://www.who.int/data/gho/indicator-metadata-registry/imr-details/48,PUBLISHED,Published,,1976,1976,,AFR,Africa,,WB_LMI,1976,1976,Lower-middle-income,,COG,Congo,,211,211.00000,,,,,
WHS3_46,Total tetanus - number of reported cases,https://www.who.int/data/gho/indicator-metadata-registry/imr-details/48,PUBLISHED,Published,,1977,1977,,AFR,Africa,,WB_LMI,1977,1977,Lower-middle-income,,COG,Congo,,273,273.00000,,,,,
WHS3_46,Total tetanus - number of reported cases,https://www.who.int/data/gho/indicator-metadata-registry/imr-details/48,PUBLISHED,Published,,1978,1978,,AFR,Africa,,WB_LMI,1978,1978,Lower-middle-income,,COG,Congo,,278,278.00000,,,,,
WHS3_46,Total tetanus - number of reported cases,https://www.who.int/data/gho/indicator-metadata-registry/imr-details/48,PUBLISHED,Published,,1979,1979,,AFR,Africa,,WB_LMI,1979,1979,Lower-middle-income,,COG,Congo,,232,232.00000,,,,,
WHS3_46,Total tetanus - number of reported cases,https://www.who.int/data/gho/indicator-metadata-registry/imr-details/48,PUBLISHED,Published,,1980,1980,,AFR,Africa,,WB_LMI,1980,1980,Lower-middle-income,,COG,Congo,,167,167.00000,,,,,
WHS3_46,Total tetanus - number of reported cases,https://www.who.int/data/gho/indicator-metadata-registry/imr-details/48,PUBLISHED,Published,,1981,1981,,AFR,Africa,,WB_LMI,1981,1981,Lower-middle-income,,COG,Congo,,134,134.00000,,,,,
WHS3_46,Total tetanus - number of reported cases,https://www.who.int/data/gho/indicator-metadata-registry/imr-details/48,PUBLISHED,Published,,1982,1982,,AFR,Africa,,WB_LMI,1982,1982,Lower-middle-income,,COG,Congo,,31,31.00000,,,,,
WHS3_46,Total tetanus - number of reported cases,https://www.who.int/data/gho/indicator-metadata-registry/imr-details/48,PUBLISHED,Published,,1983,1983,,AFR,Africa,,WB_LMI,1983,1983,Lower-middle-income,,COG,Congo,,23,23.00000,,,,,
WHS3_46,Total tetanus - number of reported cases,https://www.who.int/data/gho/indicator-metadata-registry/imr-details/48,PUBLISHED,Published,,1984,1984,,AFR,Africa,,WB_LMI,1984,1984,Lower-middle-income,,COG,Congo,,144,144.00000,,,,,
WHS3_46,Total tetanus - number of reported cases,https://www.who.int/data/gho/indicator-metadata-registry/imr-details/48,PUBLISHED,Published,,1985,1985,,AFR,Africa,,WB_LMI,1985,1985,Lower-middle-income,,COG,Congo,,250,250.00000,,,,,
WHS3_46,Total tetanus - number of reported cases,https://www.who.int/data/gho/indicator-metadata-registry/imr-details/48,PUBLISHED,Published,,1986,1986,,AFR,Africa,,WB_LMI,1986,1986,Lower-middle-income,,COG,Congo,,74,74.00000,,,,,
WHS3_46,Total tetanus - number of reported cases,https://www.who.int/data/gho/indicator-metadata-registry/imr-details/48,PUBLISHED,Published,,1987,1987,,AFR,Africa,,WB_LMI,1987,1987,Lower-middle-income,,COG,Congo,,42,42.00000,,,,,
WHS3_46,Total tetanus - number of reported cases,https://www.who.int/data/gho/indicator-metadata-registry/imr-details/48,PUBLISHED,Published,,1988,1988,,AFR,Africa,,WB_LMI,1988,1988,Lower-middle-income,,COG,Congo,,53,53.00000,,,,,
WHS3_46,Total tetanus - number of reported cases,https://www.who.int/data/gho/indicator-metadata-registry/imr-details/48,PUBLISHED,Published,,1989,1989,,AFR,Africa,,WB_LMI,1989,1989,Lower-middle-income,,COG,Congo,,39,39.00000,,,,,
WHS3_46,Total tetanus - number of reported cases,https://www.who.int/data/gho/indicator-metadata-registry/imr-details/48,PUBLISHED,Published,,1990,1990,,AFR,Africa,,WB_LMI,1990,1990,Lower-middle-income,,COG,Congo,,27,27.00000,,,,,
WHS3_46,Total tetanus - number of reported cases,https://www.who.int/data/gho/indicator-metadata-registry/imr-details/48,PUBLISHED,Published,,1991,1991,,AFR,Africa,,WB_LMI,1991,1991,Lower-middle-income,,COG,Congo,,26,26.00000,,,,,
WHS3_46,Total tetanus - number of reported cases,https://www.who.int/data/gho/indicator-metadata-registry/imr-details/48,PUBLISHED,Published,,1995,1995,,AFR,Africa,,WB_LMI,1995,1995,Lower-middle-income,,COG,Congo,,5,5.00000,,,,,
WHS3_46,Total tetanus - number of reported cases,https://www.who.int/data/gho/indicator-metadata-registry/imr-details/48,PUBLISHED,Published,,1996,1996,,AFR,Africa,,WB_LMI,1996,1996,Lower-middle-income,,COG,Congo,,7,7.00000,,,,,
WHS3_46,Total tetanus - number of reported cases,https://www.who.int/data/gho/indicator-metadata-registry/imr-details/48,PUBLISHED,Published,,1997,1997,,AFR,Africa,,WB_LMI,1997,1997,Lower-middle-income,,COG,Congo,,0,0.00000,,,,,
WHS3_46,Total tetanus - number of reported cases,https://www.who.int/data/gho/indicator-metadata-registry/imr-details/48,PUBLISHED,Published,,2002,2002,,AFR,Africa,,WB_LMI,2002,2002,Lower-middle-income,,COG,Congo,,8,8.00000,,,,,
WHS3_46,Total tetanus - number of reported cases,https://www.who.int/data/gho/indicator-metadata-registry/imr-details/48,PUBLISHED,Published,,2003,2003,,AFR,Africa,,WB_LMI,2003,2003,Lower-middle-income,,COG,Congo,,15,15.00000,,,,,
WHS3_46,Total tetanus - number of reported cases,https://www.who.int/data/gho/indicator-metadata-registry/imr-details/48,PUBLISHED,Published,,2004,2004,,AFR,Africa,,WB_LMI,2004,2004,Lower-middle-income,,COG,Congo,,14,14.00000,,,,,
WHS3_46,Total tetanus - number of reported cases,https://www.who.int/data/gho/indicator-metadata-registry/imr-details/48,PUBLISHED,Published,,2005,2005,,AFR,Africa,,WB_LMI,2005,2005,Lower-middle-income,,COG,Congo,,12,12.00000,,,,,
WHS3_46,Total tetanus - number of reported cases,https://www.who.int/data/gho/indicator-metadata-registry/imr-details/48,PUBLISHED,Published,,2006,2006,,AFR,Africa,,WB_LMI,2006,2006,Lower-middle-income,,COG,Congo,,25,25.00000,,,,,
WHS3_46,Total tetanus - number of reported cases,https://www.who.int/data/gho/indicator-metadata-registry/imr-details/48,PUBLISHED,Published,,2007,2007,,AFR,Africa,,WB_LMI,2007,2007,Lower-middle-income,,COG,Congo,,3,3.00000,,,,,
WHS3_46,Total tetanus - number of reported cases,https://www.who.int/data/gho/indicator-metadata-registry/imr-details/48,PUBLISHED,Published,,2008,2008,,AFR,Africa,,WB_LMI,2008,2008,Lower-middle-income,,COG,Congo,,3,3.00000,,,,,
WHS3_46,Total tetanus - number of reported cases,https://www.who.int/data/gho/indicator-metadata-registry/imr-details/48,PUBLISHED,Published,,2009,2009,,AFR,Africa,,WB_LMI,2009,2009,Lower-middle-income,,COG,Congo,,2,2.00000,,,,,
WHS3_46,Total tetanus - number of reported cases,https://www.who.int/data/gho/indicator-metadata-registry/imr-details/48,PUBLISHED,Published,,2010,2010,,AFR,Africa,,WB_LMI,2010,2010,Lower-middle-income,,COG,Congo,,2,2.00000,,,,,
WHS3_46,Total tetanus - number of reported cases,https://www.who.int/data/gho/indicator-metadata-registry/imr-details/48,PUBLISHED,Published,,2011,2011,,AFR,Africa,,WB_LMI,2011,2011,Lower-middle-income,,COG,Congo,,0,0.00000,,,,,
WHS3_46,Total tetanus - number of reported cases,https://www.who.int/data/gho/indicator-metadata-registry/imr-details/48,PUBLISHED,Published,,2012,2012,,AFR,Africa,,WB_LMI,2012,2012,Lower-middle-income,,COG,Congo,,2,2.00000,,,,,
WHS3_46,Total tetanus - number of reported cases,https://www.who.int/data/gho/indicator-metadata-registry/imr-details/48,PUBLISHED,Published,,2013,2013,,AFR,Africa,,WB_LMI,2013,2013,Lower-middle-income,,COG,Congo,,5,5.00000,,,,,
WHS3_46,Total tetanus - number of reported cases,https://www.who.int/data/gho/indicator-metadata-registry/imr-details/48,PUBLISHED,Published,,2014,2014,,AFR,Africa,,WB_LMI,2014,2014,Lower-middle-income,,COG,Congo,,14,14.00000,,,,,
WHS3_46,Total tetanus - number of reported cases,https://www.who.int/data/gho/indicator-metadata-registry/imr-details/48,PUBLISHED,Published,,2016,2016,,AFR,Africa,,WB_LMI,2016,2016,Lower-middle-income,,COG,Congo,,0,0.00000,,,,,
WHS3_46,Total tetanus - number of reported cases,https://www.who.int/data/gho/indicator-metadata-registry/imr-details/48,PUBLISHED,Published,,2018,2018,,AFR,Africa,,WB_LMI,2018,2018,Lower-middle-income,,COG,Congo,,0,0.00000,,,,,
WHS3_46,Total tetanus - number of reported cases,https://www.who.int/data/gho/indicator-metadata-registry/imr-details/48,PUBLISHED,Published,,2019,2019,,AFR,Africa,,WB_LMI,2019,2019,Lower-middle-income,,COG,Congo,,0,0.00000,,,,,
WHS3_46,Total tetanus - number of reported cases,https://www.who.int/data/gho/indicator-metadata-registry/imr-details/48,PUBLISHED,Published,,2020,2020,,AFR,Africa,,WB_LMI,2020,2020,Lower-middle-income,,COG,Congo,,54,54.00000,,,,,
WHS3_46,Total tetanus - number of reported cases,https://www.who.int/data/gho/indicator-metadata-registry/imr-details/48,PUBLISHED,Published,,2021,2021,,AFR,Africa,,WB_LMI,2021,2021,Lower-middle-income,,COG,Congo,,13,13.00000,,,,,
WHS3_50,Yellow fever - number of reported cases,https://www.who.int/data/gho/indicator-metadata-registry/imr-details/52,PUBLISHED,Published,,1996,1996,,AFR,Africa,,WB_LMI,1996,1996,Lower-middle-income,,COG,Congo,,0,0.00000,,,,,
WHS3_50,Yellow fever - number of reported cases,https://www.who.int/data/gho/indicator-metadata-registry/imr-details/52,PUBLISHED,Published,,1997,1997,,AFR,Africa,,WB_LMI,1997,1997,Lower-middle-income,,COG,Congo,,0,0.00000,,,,,
WHS3_50,Yellow fever - number of reported cases,https://www.who.int/data/gho/indicator-metadata-registry/imr-details/52,PUBLISHED,Published,,1999,1999,,AFR,Africa,,WB_LMI,1999,1999,Lower-middle-income,,COG,Congo,,0,0.00000,,,,,
WHS3_50,Yellow fever - number of reported cases,https://www.who.int/data/gho/indicator-metadata-registry/imr-details/52,PUBLISHED,Published,,2001,2001,,AFR,Africa,,WB_LMI,2001,2001,Lower-middle-income,,COG,Congo,,0,0.00000,,,,,
WHS3_50,Yellow fever - number of reported cases,https://www.who.int/data/gho/indicator-metadata-registry/imr-details/52,PUBLISHED,Published,,2003,2003,,AFR,Africa,,WB_LMI,2003,2003,Lower-middle-income,,COG,Congo,,0,0.00000,,,,,
WHS3_50,Yellow fever - number of reported cases,https://www.who.int/data/gho/indicator-metadata-registry/imr-details/52,PUBLISHED,Published,,2004,2004,,AFR,Africa,,WB_LMI,2004,2004,Lower-middle-income,,COG,Congo,,0,0.00000,,,,,
WHS3_50,Yellow fever - number of reported cases,https://www.who.int/data/gho/indicator-metadata-registry/imr-details/52,PUBLISHED,Published,,2005,2005,,AFR,Africa,,WB_LMI,2005,2005,Lower-middle-income,,COG,Congo,,0,0.00000,,,,,
WHS3_50,Yellow fever - number of reported cases,https://www.who.int/data/gho/indicator-metadata-registry/imr-details/52,PUBLISHED,Published,,2006,2006,,AFR,Africa,,WB_LMI,2006,2006,Lower-middle-income,,COG,Congo,,0,0.00000,,,,,
WHS3_50,Yellow fever - number of reported cases,https://www.who.int/data/gho/indicator-metadata-registry/imr-details/52,PUBLISHED,Published,,2007,2007,,AFR,Africa,,WB_LMI,2007,2007,Lower-middle-income,,COG,Congo,,0,0.00000,,,,,
WHS3_50,Yellow fever - number of reported cases,https://www.who.int/data/gho/indicator-metadata-registry/imr-details/52,PUBLISHED,Published,,2008,2008,,AFR,Africa,,WB_LMI,2008,2008,Lower-middle-income,,COG,Congo,,0,0.00000,,,,,
WHS3_50,Yellow fever - number of reported cases,https://www.who.int/data/gho/indicator-metadata-registry/imr-details/52,PUBLISHED,Published,,2009,2009,,AFR,Africa,,WB_LMI,2009,2009,Lower-middle-income,,COG,Congo,,1,1.00000,,,,,
WHS3_50,Yellow fever - number of reported cases,https://www.who.int/data/gho/indicator-metadata-registry/imr-details/52,PUBLISHED,Published,,2010,2010,,AFR,Africa,,WB_LMI,2010,2010,Lower-middle-income,,COG,Congo,,0,0.00000,,,,,
WHS3_50,Yellow fever - number of reported cases,https://www.who.int/data/gho/indicator-metadata-registry/imr-details/52,PUBLISHED,Published,,2011,2011,,AFR,Africa,,WB_LMI,2011,2011,Lower-middle-income,,COG,Congo,,188,188.00000,,,,,
WHS3_50,Yellow fever - number of reported cases,https://www.who.int/data/gho/indicator-metadata-registry/imr-details/52,PUBLISHED,Published,,2012,2012,,AFR,Africa,,WB_LMI,2012,2012,Lower-middle-income,,COG,Congo,,1,1.00000,,,,,
WHS3_50,Yellow fever - number of reported cases,https://www.who.int/data/gho/indicator-metadata-registry/imr-details/52,PUBLISHED,Published,,2013,2013,,AFR,Africa,,WB_LMI,2013,2013,Lower-middle-income,,COG,Congo,,1,1.00000,,,,,
WHS3_50,Yellow fever - number of reported cases,https://www.who.int/data/gho/indicator-metadata-registry/imr-details/52,PUBLISHED,Published,,2014,2014,,AFR,Africa,,WB_LMI,2014,2014,Lower-middle-income,,COG,Congo,,0,0.00000,,,,,
WHS3_50,Yellow fever - number of reported cases,https://www.who.int/data/gho/indicator-metadata-registry/imr-details/52,PUBLISHED,Published,,2015,2015,,AFR,Africa,,WB_LMI,2015,2015,Lower-middle-income,,COG,Congo,,0,0.00000,,,,,
WHS3_50,Yellow fever - number of reported cases,https://www.who.int/data/gho/indicator-metadata-registry/imr-details/52,PUBLISHED,Published,,2016,2016,,AFR,Africa,,WB_LMI,2016,2016,Lower-middle-income,,COG,Congo,,0,0.00000,,,,,
WHS3_50,Yellow fever - number of reported cases,https://www.who.int/data/gho/indicator-metadata-registry/imr-details/52,PUBLISHED,Published,,2017,2017,,AFR,Africa,,WB_LMI,2017,2017,Lower-middle-income,,COG,Congo,,0,0.00000,,,,,
WHS3_50,Yellow fever - number of reported cases,https://www.who.int/data/gho/indicator-metadata-registry/imr-details/52,PUBLISHED,Published,,2018,2018,,AFR,Africa,,WB_LMI,2018,2018,Lower-middle-income,,COG,Congo,,1,1.00000,,,,,
WHS3_50,Yellow fever - number of reported cases,https://www.who.int/data/gho/indicator-metadata-registry/imr-details/52,PUBLISHED,Published,,2019,2019,,AFR,Africa,,WB_LMI,2019,2019,Lower-middle-income,,COG,Congo,,0,0.00000,,,,,
WHS3_50,Yellow fever - number of reported cases,https://www.who.int/data/gho/indicator-metadata-registry/imr-details/52,PUBLISHED,Published,,2020,2020,,AFR,Africa,,WB_LMI,2020,2020,Lower-middle-income,,COG,Congo,,3,3.00000,,,,,
WHS3_50,Yellow fever - number of reported cases,https://www.who.int/data/gho/indicator-metadata-registry/imr-details/52,PUBLISHED,Published,,2021,2021,,AFR,Africa,,WB_LMI,2021,2021,Lower-middle-income,,COG,Congo,,2,2.00000,,,,,
WHS3_53,Mumps - number of reported cases,https://www.who.int/data/gho/indicator-metadata-registry/imr-details/55,PUBLISHED,Published,,2001,2001,,AFR,Africa,,WB_LMI,2001,2001,Lower-middle-income,,COG,Congo,,0,0.00000,,,,,
WHS3_53,Mumps - number of reported cases,https://www.who.int/data/gho/indicator-metadata-registry/imr-details/55,PUBLISHED,Published,,2002,2002,,AFR,Africa,,WB_LMI,2002,2002,Lower-middle-income,,COG,Congo,,0,0.00000,,,,,
WHS3_53,Mumps - number of reported cases,https://www.who.int/data/gho/indicator-metadata-registry/imr-details/55,PUBLISHED,Published,,2003,2003,,AFR,Africa,,WB_LMI,2003,2003,Lower-middle-income,,COG,Congo,,0,0.00000,,,,,
WHS3_53,Mumps - number of reported cases,https://www.who.int/data/gho/indicator-metadata-registry/imr-details/55,PUBLISHED,Published,,2006,2006,,AFR,Africa,,WB_LMI,2006,2006,Lower-middle-income,,COG,Congo,,0,0.00000,,,,,
WHS3_53,Mumps - number of reported cases,https://www.who.int/data/gho/indicator-metadata-registry/imr-details/55,PUBLISHED,Published,,2007,2007,,AFR,Africa,,WB_LMI,2007,2007,Lower-middle-income,,COG,Congo,,0,0.00000,,,,,
WHS3_53,Mumps - number of reported cases,https://www.who.int/data/gho/indicator-metadata-registry/imr-details/55,PUBLISHED,Published,,2008,2008,,AFR,Africa,,WB_LMI,2008,2008,Lower-middle-income,,COG,Congo,,0,0.00000,,,,,
WHS3_53,Mumps - number of reported cases,https://www.who.int/data/gho/indicator-metadata-registry/imr-details/55,PUBLISHED,Published,,2009,2009,,AFR,Africa,,WB_LMI,2009,2009,Lower-middle-income,,COG,Congo,,0,0.00000,,,,,
WHS3_53,Mumps - number of reported cases,https://www.who.int/data/gho/indicator-metadata-registry/imr-details/55,PUBLISHED,Published,,2010,2010,,AFR,Africa,,WB_LMI,2010,2010,Lower-middle-income,,COG,Congo,,0,0.00000,,,,,
WHS3_53,Mumps - number of reported cases,https://www.who.int/data/gho/indicator-metadata-registry/imr-details/55,PUBLISHED,Published,,2012,2012,,AFR,Africa,,WB_LMI,2012,2012,Lower-middle-income,,COG,Congo,,0,0.00000,,,,,
WHS3_53,Mumps - number of reported cases,https://www.who.int/data/gho/indicator-metadata-registry/imr-details/55,PUBLISHED,Published,,2016,2016,,AFR,Africa,,WB_LMI,2016,2016,Lower-middle-income,,COG,Congo,,0,0.00000,,,,,
WHS3_53,Mumps - number of reported cases,https://www.who.int/data/gho/indicator-metadata-registry/imr-details/55,PUBLISHED,Published,,2017,2017,,AFR,Africa,,WB_LMI,2017,2017,Lower-middle-income,,COG,Congo,,0,0.00000,,,,,
WHS3_53,Mumps - number of reported cases,https://www.who.int/data/gho/indicator-metadata-registry/imr-details/55,PUBLISHED,Published,,2019,2019,,AFR,Africa,,WB_LMI,2019,2019,Lower-middle-income,,COG,Congo,,0,0.00000,,,,,
WHS3_55,Congenital Rubella Syndrome - number of reported cases,https://www.who.int/data/gho/indicator-metadata-registry/imr-details/57,PUBLISHED,Published,,2001,2001,,AFR,Africa,,WB_LMI,2001,2001,Lower-middle-income,,COG,Congo,,0,0.00000,,,,,
WHS3_55,Congenital Rubella Syndrome - number of reported cases,https://www.who.int/data/gho/indicator-metadata-registry/imr-details/57,PUBLISHED,Published,,2003,2003,,AFR,Africa,,WB_LMI,2003,2003,Lower-middle-income,,COG,Congo,,0,0.00000,,,,,
WHS3_55,Congenital Rubella Syndrome - number of reported cases,https://www.who.int/data/gho/indicator-metadata-registry/imr-details/57,PUBLISHED,Published,,2005,2005,,AFR,Africa,,WB_LMI,2005,2005,Lower-middle-income,,COG,Congo,,0,0.00000,,,,,
WHS3_55,Congenital Rubella Syndrome - number of reported cases,https://www.who.int/data/gho/indicator-metadata-registry/imr-details/57,PUBLISHED,Published,,2006,2006,,AFR,Africa,,WB_LMI,2006,2006,Lower-middle-income,,COG,Congo,,0,0.00000,,,,,
WHS3_55,Congenital Rubella Syndrome - number of reported cases,https://www.who.int/data/gho/indicator-metadata-registry/imr-details/57,PUBLISHED,Published,,2007,2007,,AFR,Africa,,WB_LMI,2007,2007,Lower-middle-income,,COG,Congo,,0,0.00000,,,,,
WHS3_55,Congenital Rubella Syndrome - number of reported cases,https://www.who.int/data/gho/indicator-metadata-registry/imr-details/57,PUBLISHED,Published,,2008,2008,,AFR,Africa,,WB_LMI,2008,2008,Lower-middle-income,,COG,Congo,,0,0.00000,,,,,
WHS3_55,Congenital Rubella Syndrome - number of reported cases,https://www.who.int/data/gho/indicator-metadata-registry/imr-details/57,PUBLISHED,Published,,2009,2009,,AFR,Africa,,WB_LMI,2009,2009,Lower-middle-income,,COG,Congo,,0,0.00000,,,,,
WHS3_55,Congenital Rubella Syndrome - number of reported cases,https://www.who.int/data/gho/indicator-metadata-registry/imr-details/57,PUBLISHED,Published,,2010,2010,,AFR,Africa,,WB_LMI,2010,2010,Lower-middle-income,,COG,Congo,,0,0.00000,,,,,
WHS3_55,Congenital Rubella Syndrome - number of reported cases,https://www.who.int/data/gho/indicator-metadata-registry/imr-details/57,PUBLISHED,Published,,2012,2012,,AFR,Africa,,WB_LMI,2012,2012,Lower-middle-income,,COG,Congo,,0,0.00000,,,,,
WHS3_55,Congenital Rubella Syndrome - number of reported cases,https://www.who.int/data/gho/indicator-metadata-registry/imr-details/57,PUBLISHED,Published,,2017,2017,,AFR,Africa,,WB_LMI,2017,2017,Lower-middle-income,,COG,Congo,,0,0.00000,,,,,
WHS3_55,Congenital Rubella Syndrome - number of reported cases,https://www.who.int/data/gho/indicator-metadata-registry/imr-details/57,PUBLISHED,Published,,2019,2019,,AFR,Africa,,WB_LMI,2019,2019,Lower-middle-income,,COG,Congo,,0,0.00000,,,,,
WHS3_56,Neonatal tetanus - number of reported cases,https://www.who.int/data/gho/indicator-metadata-registry/imr-details/58,PUBLISHED,Published,,1980,1980,,AFR,Africa,,WB_LMI,1980,1980,Lower-middle-income,,COG,Congo,,80,80.00000,,,,,
WHS3_56,Neonatal tetanus - number of reported cases,https://www.who.int/data/gho/indicator-metadata-registry/imr-details/58,PUBLISHED,Published,,1981,1981,,AFR,Africa,,WB_LMI,1981,1981,Lower-middle-income,,COG,Congo,,38,38.00000,,,,,
WHS3_56,Neonatal tetanus - number of reported cases,https://www.who.int/data/gho/indicator-metadata-registry/imr-details/58,PUBLISHED,Published,,1982,1982,,AFR,Africa,,WB_LMI,1982,1982,Lower-middle-income,,COG,Congo,,0,0.00000,,,,,
WHS3_56,Neonatal tetanus - number of reported cases,https://www.who.int/data/gho/indicator-metadata-registry/imr-details/58,PUBLISHED,Published,,1983,1983,,AFR,Africa,,WB_LMI,1983,1983,Lower-middle-income,,COG,Congo,,1,1.00000,,,,,
WHS3_56,Neonatal tetanus - number of reported cases,https://www.who.int/data/gho/indicator-metadata-registry/imr-details/58,PUBLISHED,Published,,1984,1984,,AFR,Africa,,WB_LMI,1984,1984,Lower-middle-income,,COG,Congo,,24,24.00000,,,,,
WHS3_56,Neonatal tetanus - number of reported cases,https://www.who.int/data/gho/indicator-metadata-registry/imr-details/58,PUBLISHED,Published,,1985,1985,,AFR,Africa,,WB_LMI,1985,1985,Lower-middle-income,,COG,Congo,,2,2.00000,,,,,
WHS3_56,Neonatal tetanus - number of reported cases,https://www.who.int/data/gho/indicator-metadata-registry/imr-details/58,PUBLISHED,Published,,1986,1986,,AFR,Africa,,WB_LMI,1986,1986,Lower-middle-income,,COG,Congo,,21,21.00000,,,,,
WHS3_56,Neonatal tetanus - number of reported cases,https://www.who.int/data/gho/indicator-metadata-registry/imr-details/58,PUBLISHED,Published,,1987,1987,,AFR,Africa,,WB_LMI,1987,1987,Lower-middle-income,,COG,Congo,,40,40.00000,,,,,
WHS3_56,Neonatal tetanus - number of reported cases,https://www.who.int/data/gho/indicator-metadata-registry/imr-details/58,PUBLISHED,Published,,1988,1988,,AFR,Africa,,WB_LMI,1988,1988,Lower-middle-income,,COG,Congo,,9,9.00000,,,,,
WHS3_56,Neonatal tetanus - number of reported cases,https://www.who.int/data/gho/indicator-metadata-registry/imr-details/58,PUBLISHED,Published,,1989,1989,,AFR,Africa,,WB_LMI,1989,1989,Lower-middle-income,,COG,Congo,,9,9.00000,,,,,
WHS3_56,Neonatal tetanus - number of reported cases,https://www.who.int/data/gho/indicator-metadata-registry/imr-details/58,PUBLISHED,Published,,1990,1990,,AFR,Africa,,WB_LMI,1990,1990,Lower-middle-income,,COG,Congo,,18,18.00000,,,,,
WHS3_56,Neonatal tetanus - number of reported cases,https://www.who.int/data/gho/indicator-metadata-registry/imr-details/58,PUBLISHED,Published,,1991,1991,,AFR,Africa,,WB_LMI,1991,1991,Lower-middle-income,,COG,Congo,,15,15.00000,,,,,
WHS3_56,Neonatal tetanus - number of reported cases,https://www.who.int/data/gho/indicator-metadata-registry/imr-details/58,PUBLISHED,Published,,1992,1992,,AFR,Africa,,WB_LMI,1992,1992,Lower-middle-income,,COG,Congo,,14,14.00000,,,,,
WHS3_56,Neonatal tetanus - number of reported cases,https://www.who.int/data/gho/indicator-metadata-registry/imr-details/58,PUBLISHED,Published,,1993,1993,,AFR,Africa,,WB_LMI,1993,1993,Lower-middle-income,,COG,Congo,,6,6.00000,,,,,
WHS3_56,Neonatal tetanus - number of reported cases,https://www.who.int/data/gho/indicator-metadata-registry/imr-details/58,PUBLISHED,Published,,1994,1994,,AFR,Africa,,WB_LMI,1994,1994,Lower-middle-income,,COG,Congo,,9,9.00000,,,,,
WHS3_56,Neonatal tetanus - number of reported cases,https://www.who.int/data/gho/indicator-metadata-registry/imr-details/58,PUBLISHED,Published,,1995,1995,,AFR,Africa,,WB_LMI,1995,1995,Lower-middle-income,,COG,Congo,,5,5.00000,,,,,
WHS3_56,Neonatal tetanus - number of reported cases,https://www.who.int/data/gho/indicator-metadata-registry/imr-details/58,PUBLISHED,Published,,1996,1996,,AFR,Africa,,WB_LMI,1996,1996,Lower-middle-income,,COG,Congo,,7,7.00000,,,,,
WHS3_56,Neonatal tetanus - number of reported cases,https://www.who.int/data/gho/indicator-metadata-registry/imr-details/58,PUBLISHED,Published,,1997,1997,,AFR,Africa,,WB_LMI,1997,1997,Lower-middle-income,,COG,Congo,,0,0.00000,,,,,
WHS3_56,Neonatal tetanus - number of reported cases,https://www.who.int/data/gho/indicator-metadata-registry/imr-details/58,PUBLISHED,Published,,1999,1999,,AFR,Africa,,WB_LMI,1999,1999,Lower-middle-income,,COG,Congo,,3,3.00000,,,,,
WHS3_56,Neonatal tetanus - number of reported cases,https://www.who.int/data/gho/indicator-metadata-registry/imr-details/58,PUBLISHED,Published,,2000,2000,,AFR,Africa,,WB_LMI,2000,2000,Lower-middle-income,,COG,Congo,,2,2.00000,,,,,
WHS3_56,Neonatal tetanus - number of reported cases,https://www.who.int/data/gho/indicator-metadata-registry/imr-details/58,PUBLISHED,Published,,2001,2001,,AFR,Africa,,WB_LMI,2001,2001,Lower-middle-income,,COG,Congo,,8,8.00000,,,,,
WHS3_56,Neonatal tetanus - number of reported cases,https://www.who.int/data/gho/indicator-metadata-registry/imr-details/58,PUBLISHED,Published,,2002,2002,,AFR,Africa,,WB_LMI,2002,2002,Lower-middle-income,,COG,Congo,,8,8.00000,,,,,
WHS3_56,Neonatal tetanus - number of reported cases,https://www.who.int/data/gho/indicator-metadata-registry/imr-details/58,PUBLISHED,Published,,2003,2003,,AFR,Africa,,WB_LMI,2003,2003,Lower-middle-income,,COG,Congo,,9,9.00000,,,,,
WHS3_56,Neonatal tetanus - number of reported cases,https://www.who.int/data/gho/indicator-metadata-registry/imr-details/58,PUBLISHED,Published,,2004,2004,,AFR,Africa,,WB_LMI,2004,2004,Lower-middle-income,,COG,Congo,,14,14.00000,,,,,
WHS3_56,Neonatal tetanus - number of reported cases,https://www.who.int/data/gho/indicator-metadata-registry/imr-details/58,PUBLISHED,Published,,2005,2005,,AFR,Africa,,WB_LMI,2005,2005,Lower-middle-income,,COG,Congo,,12,12.00000,,,,,
WHS3_56,Neonatal tetanus - number of reported cases,https://www.who.int/data/gho/indicator-metadata-registry/imr-details/58,PUBLISHED,Published,,2006,2006,,AFR,Africa,,WB_LMI,2006,2006,Lower-middle-income,,COG,Congo,,20,20.00000,,,,,
WHS3_56,Neonatal tetanus - number of reported cases,https://www.who.int/data/gho/indicator-metadata-registry/imr-details/58,PUBLISHED,Published,,2007,2007,,AFR,Africa,,WB_LMI,2007,2007,Lower-middle-income,,COG,Congo,,3,3.00000,,,,,
WHS3_56,Neonatal tetanus - number of reported cases,https://www.who.int/data/gho/indicator-metadata-registry/imr-details/58,PUBLISHED,Published,,2008,2008,,AFR,Africa,,WB_LMI,2008,2008,Lower-middle-income,,COG,Congo,,3,3.00000,,,,,
WHS3_56,Neonatal tetanus - number of reported cases,https://www.who.int/data/gho/indicator-metadata-registry/imr-details/58,PUBLISHED,Published,,2009,2009,,AFR,Africa,,WB_LMI,2009,2009,Lower-middle-income,,COG,Congo,,2,2.00000,,,,,
WHS3_56,Neonatal tetanus - number of reported cases,https://www.who.int/data/gho/indicator-metadata-registry/imr-details/58,PUBLISHED,Published,,2010,2010,,AFR,Africa,,WB_LMI,2010,2010,Lower-middle-income,,COG,Congo,,2,2.00000,,,,,
WHS3_56,Neonatal tetanus - number of reported cases,https://www.who.int/data/gho/indicator-metadata-registry/imr-details/58,PUBLISHED,Published,,2011,2011,,AFR,Africa,,WB_LMI,2011,2011,Lower-middle-income,,COG,Congo,,0,0.00000,,,,,
WHS3_56,Neonatal tetanus - number of reported cases,https://www.who.int/data/gho/indicator-metadata-registry/imr-details/58,PUBLISHED,Published,,2012,2012,,AFR,Africa,,WB_LMI,2012,2012,Lower-middle-income,,COG,Congo,,2,2.00000,,,,,
WHS3_56,Neonatal tetanus - number of reported cases,https://www.who.int/data/gho/indicator-metadata-registry/imr-details/58,PUBLISHED,Published,,2013,2013,,AFR,Africa,,WB_LMI,2013,2013,Lower-middle-income,,COG,Congo,,5,5.00000,,,,,
WHS3_56,Neonatal tetanus - number of reported cases,https://www.who.int/data/gho/indicator-metadata-registry/imr-details/58,PUBLISHED,Published,,2014,2014,,AFR,Africa,,WB_LMI,2014,2014,Lower-middle-income,,COG,Congo,,2,2.00000,,,,,
WHS3_56,Neonatal tetanus - number of reported cases,https://www.who.int/data/gho/indicator-metadata-registry/imr-details/58,PUBLISHED,Published,,2015,2015,,AFR,Africa,,WB_LMI,2015,2015,Lower-middle-income,,COG,Congo,,9,9.00000,,,,,
WHS3_56,Neonatal tetanus - number of reported cases,https://www.who.int/data/gho/indicator-metadata-registry/imr-details/58,PUBLISHED,Published,,2016,2016,,AFR,Africa,,WB_LMI,2016,2016,Lower-middle-income,,COG,Congo,,0,0.00000,,,,,
WHS3_56,Neonatal tetanus - number of reported cases,https://www.who.int/data/gho/indicator-metadata-registry/imr-details/58,PUBLISHED,Published,,2017,2017,,AFR,Africa,,WB_LMI,2017,2017,Lower-middle-income,,COG,Congo,,0,0.00000,,,,,
WHS3_56,Neonatal tetanus - number of reported cases,https://www.who.int/data/gho/indicator-metadata-registry/imr-details/58,PUBLISHED,Published,,2018,2018,,AFR,Africa,,WB_LMI,2018,2018,Lower-middle-income,,COG,Congo,,0,0.00000,,,,,
WHS3_56,Neonatal tetanus - number of reported cases,https://www.who.int/data/gho/indicator-metadata-registry/imr-details/58,PUBLISHED,Published,,2019,2019,,AFR,Africa,,WB_LMI,2019,2019,Lower-middle-income,,COG,Congo,,0,0.00000,,,,,
WHS3_56,Neonatal tetanus - number of reported cases,https://www.who.int/data/gho/indicator-metadata-registry/imr-details/58,PUBLISHED,Published,,2020,2020,,AFR,Africa,,WB_LMI,2020,2020,Lower-middle-income,,COG,Congo,,54,54.00000,,,,,
WHS3_56,Neonatal tetanus - number of reported cases,https://www.who.int/data/gho/indicator-metadata-registry/imr-details/58,PUBLISHED,Published,,2021,2021,,AFR,Africa,,WB_LMI,2021,2021,Lower-middle-income,,COG,Congo,,13,13.00000,,,,,
WHS3_57,Total rubella - number of reported cases,https://www.who.int/data/gho/indicator-metadata-registry/imr-details/59,PUBLISHED,Published,,2001,2001,,AFR,Africa,,WB_LMI,2001,2001,Lower-middle-income,,COG,Congo,,0,0.00000,,,,,
WHS3_57,Total rubella - number of reported cases,https://www.who.int/data/gho/indicator-metadata-registry/imr-details/59,PUBLISHED,Published,,2002,2002,,AFR,Africa,,WB_LMI,2002,2002,Lower-middle-income,,COG,Congo,,0,0.00000,,,,,
WHS3_57,Total rubella - number of reported cases,https://www.who.int/data/gho/indicator-metadata-registry/imr-details/59,PUBLISHED,Published,,2003,2003,,AFR,Africa,,WB_LMI,2003,2003,Lower-middle-income,,COG,Congo,,0,0.00000,,,,,
WHS3_57,Total rubella - number of reported cases,https://www.who.int/data/gho/indicator-metadata-registry/imr-details/59,PUBLISHED,Published,,2005,2005,,AFR,Africa,,WB_LMI,2005,2005,Lower-middle-income,,COG,Congo,,1,1.00000,,,,,
WHS3_57,Total rubella - number of reported cases,https://www.who.int/data/gho/indicator-metadata-registry/imr-details/59,PUBLISHED,Published,,2006,2006,,AFR,Africa,,WB_LMI,2006,2006,Lower-middle-income,,COG,Congo,,18,18.00000,,,,,
WHS3_57,Total rubella - number of reported cases,https://www.who.int/data/gho/indicator-metadata-registry/imr-details/59,PUBLISHED,Published,,2007,2007,,AFR,Africa,,WB_LMI,2007,2007,Lower-middle-income,,COG,Congo,,2,2.00000,,,,,
WHS3_57,Total rubella - number of reported cases,https://www.who.int/data/gho/indicator-metadata-registry/imr-details/59,PUBLISHED,Published,,2008,2008,,AFR,Africa,,WB_LMI,2008,2008,Lower-middle-income,,COG,Congo,,21,21.00000,,,,,
WHS3_57,Total rubella - number of reported cases,https://www.who.int/data/gho/indicator-metadata-registry/imr-details/59,PUBLISHED,Published,,2009,2009,,AFR,Africa,,WB_LMI,2009,2009,Lower-middle-income,,COG,Congo,,11,11.00000,,,,,
WHS3_57,Total rubella - number of reported cases,https://www.who.int/data/gho/indicator-metadata-registry/imr-details/59,PUBLISHED,Published,,2010,2010,,AFR,Africa,,WB_LMI,2010,2010,Lower-middle-income,,COG,Congo,,10,10.00000,,,,,
WHS3_57,Total rubella - number of reported cases,https://www.who.int/data/gho/indicator-metadata-registry/imr-details/59,PUBLISHED,Published,,2012,2012,,AFR,Africa,,WB_LMI,2012,2012,Lower-middle-income,,COG,Congo,,22,22.00000,,,,,
WHS3_57,Total rubella - number of reported cases,https://www.who.int/data/gho/indicator-metadata-registry/imr-details/59,PUBLISHED,Published,,2013,2013,,AFR,Africa,,WB_LMI,2013,2013,Lower-middle-income,,COG,Congo,,107,107.00000,,,,,
WHS3_57,Total rubella - number of reported cases,https://www.who.int/data/gho/indicator-metadata-registry/imr-details/59,PUBLISHED,Published,,2014,2014,,AFR,Africa,,WB_LMI,2014,2014,Lower-middle-income,,COG,Congo,,45,45.00000,,,,,
WHS3_57,Total rubella - number of reported cases,https://www.who.int/data/gho/indicator-metadata-registry/imr-details/59,PUBLISHED,Published,,2015,2015,,AFR,Africa,,WB_LMI,2015,2015,Lower-middle-income,,COG,Congo,,4,4.00000,,,,,
WHS3_57,Total rubella - number of reported cases,https://www.who.int/data/gho/indicator-metadata-registry/imr-details/59,PUBLISHED,Published,,2016,2016,,AFR,Africa,,WB_LMI,2016,2016,Lower-middle-income,,COG,Congo,,1,1.00000,,,,,
WHS3_57,Total rubella - number of reported cases,https://www.who.int/data/gho/indicator-metadata-registry/imr-details/59,PUBLISHED,Published,,2017,2017,,AFR,Africa,,WB_LMI,2017,2017,Lower-middle-income,,COG,Congo,,12,12.00000,,,,,
WHS3_57,Total rubella - number of reported cases,https://www.who.int/data/gho/indicator-metadata-registry/imr-details/59,PUBLISHED,Published,,2018,2018,,AFR,Africa,,WB_LMI,2018,2018,Lower-middle-income,,COG,Congo,,157,157.00000,,,,,
WHS3_57,Total rubella - number of reported cases,https://www.who.int/data/gho/indicator-metadata-registry/imr-details/59,PUBLISHED,Published,,2019,2019,,AFR,Africa,,WB_LMI,2019,2019,Lower-middle-income,,COG,Congo,,39,39.00000,,,,,
WHS3_57,Total rubella - number of reported cases,https://www.who.int/data/gho/indicator-metadata-registry/imr-details/59,PUBLISHED,Published,,2020,2020,,AFR,Africa,,WB_LMI,2020,2020,Lower-middle-income,,COG,Congo,,3,3.00000,,,,,
WHS3_57,Total rubella - number of reported cases,https://www.who.int/data/gho/indicator-metadata-registry/imr-details/59,PUBLISHED,Published,,2021,2021,,AFR,Africa,,WB_LMI,2021,2021,Lower-middle-income,,COG,Congo,,32,32.00000,,,,,
WHS3_62,Measles - number of reported cases,https://www.who.int/data/gho/indicator-metadata-registry/imr-details/60,PUBLISHED,Published,,1974,1974,,AFR,Africa,,WB_LMI,1974,1974,Lower-middle-income,,COG,Congo,,12380,12380.00000,,,,,
WHS3_62,Measles - number of reported cases,https://www.who.int/data/gho/indicator-metadata-registry/imr-details/60,PUBLISHED,Published,,1975,1975,,AFR,Africa,,WB_LMI,1975,1975,Lower-middle-income,,COG,Congo,,16611,16611.00000,,,,,
WHS3_62,Measles - number of reported cases,https://www.who.int/data/gho/indicator-metadata-registry/imr-details/60,PUBLISHED,Published,,1976,1976,,AFR,Africa,,WB_LMI,1976,1976,Lower-middle-income,,COG,Congo,,16523,16523.00000,,,,,
WHS3_62,Measles - number of reported cases,https://www.who.int/data/gho/indicator-metadata-registry/imr-details/60,PUBLISHED,Published,,1977,1977,,AFR,Africa,,WB_LMI,1977,1977,Lower-middle-income,,COG,Congo,,15831,15831.00000,,,,,
WHS3_62,Measles - number of reported cases,https://www.who.int/data/gho/indicator-metadata-registry/imr-details/60,PUBLISHED,Published,,1978,1978,,AFR,Africa,,WB_LMI,1978,1978,Lower-middle-income,,COG,Congo,,15736,15736.00000,,,,,
WHS3_62,Measles - number of reported cases,https://www.who.int/data/gho/indicator-metadata-registry/imr-details/60,PUBLISHED,Published,,1979,1979,,AFR,Africa,,WB_LMI,1979,1979,Lower-middle-income,,COG,Congo,,27048,27048.00000,,,,,
WHS3_62,Measles - number of reported cases,https://www.who.int/data/gho/indicator-metadata-registry/imr-details/60,PUBLISHED,Published,,1980,1980,,AFR,Africa,,WB_LMI,1980,1980,Lower-middle-income,,COG,Congo,,11892,11892.00000,,,,,
WHS3_62,Measles - number of reported cases,https://www.who.int/data/gho/indicator-metadata-registry/imr-details/60,PUBLISHED,Published,,1981,1981,,AFR,Africa,,WB_LMI,1981,1981,Lower-middle-income,,COG,Congo,,9668,9668.00000,,,,,
WHS3_62,Measles - number of reported cases,https://www.who.int/data/gho/indicator-metadata-registry/imr-details/60,PUBLISHED,Published,,1982,1982,,AFR,Africa,,WB_LMI,1982,1982,Lower-middle-income,,COG,Congo,,12931,12931.00000,,,,,
WHS3_62,Measles - number of reported cases,https://www.who.int/data/gho/indicator-metadata-registry/imr-details/60,PUBLISHED,Published,,1983,1983,,AFR,Africa,,WB_LMI,1983,1983,Lower-middle-income,,COG,Congo,,16642,16642.00000,,,,,
WHS3_62,Measles - number of reported cases,https://www.who.int/data/gho/indicator-metadata-registry/imr-details/60,PUBLISHED,Published,,1984,1984,,AFR,Africa,,WB_LMI,1984,1984,Lower-middle-income,,COG,Congo,,18615,18615.00000,,,,,
WHS3_62,Measles - number of reported cases,https://www.who.int/data/gho/indicator-metadata-registry/imr-details/60,PUBLISHED,Published,,1985,1985,,AFR,Africa,,WB_LMI,1985,1985,Lower-middle-income,,COG,Congo,,7600,7600.00000,,,,,
WHS3_62,Measles - number of reported cases,https://www.who.int/data/gho/indicator-metadata-registry/imr-details/60,PUBLISHED,Published,,1986,1986,,AFR,Africa,,WB_LMI,1986,1986,Lower-middle-income,,COG,Congo,,6424,6424.00000,,,,,
WHS3_62,Measles - number of reported cases,https://www.who.int/data/gho/indicator-metadata-registry/imr-details/60,PUBLISHED,Published,,1987,1987,,AFR,Africa,,WB_LMI,1987,1987,Lower-middle-income,,COG,Congo,,1420,1420.00000,,,,,
WHS3_62,Measles - number of reported cases,https://www.who.int/data/gho/indicator-metadata-registry/imr-details/60,PUBLISHED,Published,,1988,1988,,AFR,Africa,,WB_LMI,1988,1988,Lower-middle-income,,COG,Congo,,454,454.00000,,,,,
WHS3_62,Measles - number of reported cases,https://www.who.int/data/gho/indicator-metadata-registry/imr-details/60,PUBLISHED,Published,,1989,1989,,AFR,Africa,,WB_LMI,1989,1989,Lower-middle-income,,COG,Congo,,498,498.00000,,,,,
WHS3_62,Measles - number of reported cases,https://www.who.int/data/gho/indicator-metadata-registry/imr-details/60,PUBLISHED,Published,,1990,1990,,AFR,Africa,,WB_LMI,1990,1990,Lower-middle-income,,COG,Congo,,3608,3608.00000,,,,,
WHS3_62,Measles - number of reported cases,https://www.who.int/data/gho/indicator-metadata-registry/imr-details/60,PUBLISHED,Published,,1991,1991,,AFR,Africa,,WB_LMI,1991,1991,Lower-middle-income,,COG,Congo,,4042,4042.00000,,,,,
WHS3_62,Measles - number of reported cases,https://www.who.int/data/gho/indicator-metadata-registry/imr-details/60,PUBLISHED,Published,,1992,1992,,AFR,Africa,,WB_LMI,1992,1992,Lower-middle-income,,COG,Congo,,4302,4302.00000,,,,,
WHS3_62,Measles - number of reported cases,https://www.who.int/data/gho/indicator-metadata-registry/imr-details/60,PUBLISHED,Published,,1993,1993,,AFR,Africa,,WB_LMI,1993,1993,Lower-middle-income,,COG,Congo,,693,693.00000,,,,,
WHS3_62,Measles - number of reported cases,https://www.who.int/data/gho/indicator-metadata-registry/imr-details/60,PUBLISHED,Published,,1994,1994,,AFR,Africa,,WB_LMI,1994,1994,Lower-middle-income,,COG,Congo,,226,226.00000,,,,,
WHS3_62,Measles - number of reported cases,https://www.who.int/data/gho/indicator-metadata-registry/imr-details/60,PUBLISHED,Published,,1995,1995,,AFR,Africa,,WB_LMI,1995,1995,Lower-middle-income,,COG,Congo,,2381,2381.00000,,,,,
WHS3_62,Measles - number of reported cases,https://www.who.int/data/gho/indicator-metadata-registry/imr-details/60,PUBLISHED,Published,,1996,1996,,AFR,Africa,,WB_LMI,1996,1996,Lower-middle-income,,COG,Congo,,3897,3897.00000,,,,,
WHS3_62,Measles - number of reported cases,https://www.who.int/data/gho/indicator-metadata-registry/imr-details/60,PUBLISHED,Published,,1997,1997,,AFR,Africa,,WB_LMI,1997,1997,Lower-middle-income,,COG,Congo,,1267,1267.00000,,,,,
WHS3_62,Measles - number of reported cases,https://www.who.int/data/gho/indicator-metadata-registry/imr-details/60,PUBLISHED,Published,,1998,1998,,AFR,Africa,,WB_LMI,1998,1998,Lower-middle-income,,COG,Congo,,174,174.00000,,,,,
WHS3_62,Measles - number of reported cases,https://www.who.int/data/gho/indicator-metadata-registry/imr-details/60,PUBLISHED,Published,,1999,1999,,AFR,Africa,,WB_LMI,1999,1999,Lower-middle-income,,COG,Congo,,313,313.00000,,,,,
WHS3_62,Measles - number of reported cases,https://www.who.int/data/gho/indicator-metadata-registry/imr-details/60,PUBLISHED,Published,,2000,2000,,AFR,Africa,,WB_LMI,2000,2000,Lower-middle-income,,COG,Congo,,1678,1678.00000,,,,,
WHS3_62,Measles - number of reported cases,https://www.who.int/data/gho/indicator-metadata-registry/imr-details/60,PUBLISHED,Published,,2001,2001,,AFR,Africa,,WB_LMI,2001,2001,Lower-middle-income,,COG,Congo,,2152,2152.00000,,,,,
WHS3_62,Measles - number of reported cases,https://www.who.int/data/gho/indicator-metadata-registry/imr-details/60,PUBLISHED,Published,,2002,2002,,AFR,Africa,,WB_LMI,2002,2002,Lower-middle-income,,COG,Congo,,2788,2788.00000,,,,,
WHS3_62,Measles - number of reported cases,https://www.who.int/data/gho/indicator-metadata-registry/imr-details/60,PUBLISHED,Published,,2003,2003,,AFR,Africa,,WB_LMI,2003,2003,Lower-middle-income,,COG,Congo,,3712,3712.00000,,,,,
WHS3_62,Measles - number of reported cases,https://www.who.int/data/gho/indicator-metadata-registry/imr-details/60,PUBLISHED,Published,,2004,2004,,AFR,Africa,,WB_LMI,2004,2004,Lower-middle-income,,COG,Congo,,3524,3524.00000,,,,,
WHS3_62,Measles - number of reported cases,https://www.who.int/data/gho/indicator-metadata-registry/imr-details/60,PUBLISHED,Published,,2005,2005,,AFR,Africa,,WB_LMI,2005,2005,Lower-middle-income,,COG,Congo,,146,146.00000,,,,,
WHS3_62,Measles - number of reported cases,https://www.who.int/data/gho/indicator-metadata-registry/imr-details/60,PUBLISHED,Published,,2006,2006,,AFR,Africa,,WB_LMI,2006,2006,Lower-middle-income,,COG,Congo,,126,126.00000,,,,,
WHS3_62,Measles - number of reported cases,https://www.who.int/data/gho/indicator-metadata-registry/imr-details/60,PUBLISHED,Published,,2007,2007,,AFR,Africa,,WB_LMI,2007,2007,Lower-middle-income,,COG,Congo,,84,84.00000,,,,,
WHS3_62,Measles - number of reported cases,https://www.who.int/data/gho/indicator-metadata-registry/imr-details/60,PUBLISHED,Published,,2008,2008,,AFR,Africa,,WB_LMI,2008,2008,Lower-middle-income,,COG,Congo,,2,2.00000,,,,,
WHS3_62,Measles - number of reported cases,https://www.who.int/data/gho/indicator-metadata-registry/imr-details/60,PUBLISHED,Published,,2009,2009,,AFR,Africa,,WB_LMI,2009,2009,Lower-middle-income,,COG,Congo,,1,1.00000,,,,,
WHS3_62,Measles - number of reported cases,https://www.who.int/data/gho/indicator-metadata-registry/imr-details/60,PUBLISHED,Published,,2010,2010,,AFR,Africa,,WB_LMI,2010,2010,Lower-middle-income,,COG,Congo,,4,4.00000,,,,,
WHS3_62,Measles - number of reported cases,https://www.who.int/data/gho/indicator-metadata-registry/imr-details/60,PUBLISHED,Published,,2011,2011,,AFR,Africa,,WB_LMI,2011,2011,Lower-middle-income,,COG,Congo,,315,315.00000,,,,,
WHS3_62,Measles - number of reported cases,https://www.who.int/data/gho/indicator-metadata-registry/imr-details/60,PUBLISHED,Published,,2012,2012,,AFR,Africa,,WB_LMI,2012,2012,Lower-middle-income,,COG,Congo,,260,260.00000,,,,,
WHS3_62,Measles - number of reported cases,https://www.who.int/data/gho/indicator-metadata-registry/imr-details/60,PUBLISHED,Published,,2013,2013,,AFR,Africa,,WB_LMI,2013,2013,Lower-middle-income,,COG,Congo,,124,124.00000,,,,,
WHS3_62,Measles - number of reported cases,https://www.who.int/data/gho/indicator-metadata-registry/imr-details/60,PUBLISHED,Published,,2014,2014,,AFR,Africa,,WB_LMI,2014,2014,Lower-middle-income,,COG,Congo,,71,71.00000,,,,,
WHS3_62,Measles - number of reported cases,https://www.who.int/data/gho/indicator-metadata-registry/imr-details/60,PUBLISHED,Published,,2015,2015,,AFR,Africa,,WB_LMI,2015,2015,Lower-middle-income,,COG,Congo,,1359,1359.00000,,,,,
WHS3_62,Measles - number of reported cases,https://www.who.int/data/gho/indicator-metadata-registry/imr-details/60,PUBLISHED,Published,,2016,2016,,AFR,Africa,,WB_LMI,2016,2016,Lower-middle-income,,COG,Congo,,277,277.00000,,,,,
WHS3_62,Measles - number of reported cases,https://www.who.int/data/gho/indicator-metadata-registry/imr-details/60,PUBLISHED,Published,,2017,2017,,AFR,Africa,,WB_LMI,2017,2017,Lower-middle-income,,COG,Congo,,958,958.00000,,,,,
WHS3_62,Measles - number of reported cases,https://www.who.int/data/gho/indicator-metadata-registry/imr-details/60,PUBLISHED,Published,,2018,2018,,AFR,Africa,,WB_LMI,2018,2018,Lower-middle-income,,COG,Congo,,28,28.00000,,,,,
WHS3_62,Measles - number of reported cases,https://www.who.int/data/gho/indicator-metadata-registry/imr-details/60,PUBLISHED,Published,,2019,2019,,AFR,Africa,,WB_LMI,2019,2019,Lower-middle-income,,COG,Congo,,66,66.00000,,,,,
WHS3_62,Measles - number of reported cases,https://www.who.int/data/gho/indicator-metadata-registry/imr-details/60,PUBLISHED,Published,,2020,2020,,AFR,Africa,,WB_LMI,2020,2020,Lower-middle-income,,COG,Congo,,37,37.00000,,,,,
WHS3_62,Measles - number of reported cases,https://www.who.int/data/gho/indicator-metadata-registry/imr-details/60,PUBLISHED,Published,,2021,2021,,AFR,Africa,,WB_LMI,2021,2021,Lower-middle-income,,COG,Congo,,160,160.00000,,,,,
