GHO (CODE),GHO (DISPLAY),GHO (URL),PUBLISHSTATE (CODE),PUBLISHSTATE (DISPLAY),PUBLISHSTATE (URL),YEAR (CODE),YEAR (DISPLAY),YEAR (URL),REGION (CODE),REGION (DISPLAY),REGION (URL),COUNTRY (CODE),STARTYEAR,ENDYEAR,COUNTRY (DISPLAY),COUNTRY (URL),Display Value,Numeric,Low,High,StdErr,StdDev,Comments
#indicator+code,#indicator+name,#indicator+url,#status+code,#status+name,,,#date+year,,#region+code,#region+name,,#country+code,#date+year+start,#date+year+end,#country+name,,,#indicator+value+num,,,,,
MALARIA_EST_DEATHS,Estimated number of malaria deaths,https://www.who.int/data/gho/indicator-metadata-registry/imr-details/4650,PUBLISHED,Published,,2000,2000,,AFR,Africa,,COG,2000,2000,Congo,,3 034 [ 2 820- 3 270],3034.00000,2820.00000,3270.00000,,,
MALARIA_EST_DEATHS,Estimated number of malaria deaths,https://www.who.int/data/gho/indicator-metadata-registry/imr-details/4650,PUBLISHED,Published,,2001,2001,,AFR,Africa,,COG,2001,2001,Congo,,2 983 [ 2 780- 3 210],2983.00000,2780.00000,3210.00000,,,
MALARIA_EST_DEATHS,Estimated number of malaria deaths,https://www.who.int/data/gho/indicator-metadata-registry/imr-details/4650,PUBLISHED,Published,,2002,2002,,AFR,Africa,,COG,2002,2002,Congo,,2 749 [ 2 580- 2 940],2749.00000,2580.00000,2940.00000,,,
MALARIA_EST_DEATHS,Estimated number of malaria deaths,https://www.who.int/data/gho/indicator-metadata-registry/imr-details/4650,PUBLISHED,Published,,2003,2003,,AFR,Africa,,COG,2003,2003,Congo,,2 630 [ 2 470- 2 810],2630.00000,2470.00000,2810.00000,,,
MALARIA_EST_DEATHS,Estimated number of malaria deaths,https://www.who.int/data/gho/indicator-metadata-registry/imr-details/4650,PUBLISHED,Published,,2004,2004,,AFR,Africa,,COG,2004,2004,Congo,,2 505 [ 2 360- 2 670],2505.00000,2360.00000,2670.00000,,,
MALARIA_EST_DEATHS,Estimated number of malaria deaths,https://www.who.int/data/gho/indicator-metadata-registry/imr-details/4650,PUBLISHED,Published,,2005,2005,,AFR,Africa,,COG,2005,2005,Congo,,2 366 [ 2 230- 2 520],2366.00000,2230.00000,2520.00000,,,
MALARIA_EST_DEATHS,Estimated number of malaria deaths,https://www.who.int/data/gho/indicator-metadata-registry/imr-details/4650,PUBLISHED,Published,,2006,2006,,AFR,Africa,,COG,2006,2006,Congo,,2 198 [ 2 080- 2 330],2198.00000,2080.00000,2330.00000,,,
MALARIA_EST_DEATHS,Estimated number of malaria deaths,https://www.who.int/data/gho/indicator-metadata-registry/imr-details/4650,PUBLISHED,Published,,2007,2007,,AFR,Africa,,COG,2007,2007,Congo,,2 028 [ 1 920- 2 140],2028.00000,1920.00000,2140.00000,,,
MALARIA_EST_DEATHS,Estimated number of malaria deaths,https://www.who.int/data/gho/indicator-metadata-registry/imr-details/4650,PUBLISHED,Published,,2008,2008,,AFR,Africa,,COG,2008,2008,Congo,,1 871 [ 1 780- 1 970],1871.00000,1780.00000,1970.00000,,,
MALARIA_EST_DEATHS,Estimated number of malaria deaths,https://www.who.int/data/gho/indicator-metadata-registry/imr-details/4650,PUBLISHED,Published,,2009,2009,,AFR,Africa,,COG,2009,2009,Congo,,1 828 [ 1 740- 1 920],1828.00000,1740.00000,1920.00000,,,
MALARIA_EST_DEATHS,Estimated number of malaria deaths,https://www.who.int/data/gho/indicator-metadata-registry/imr-details/4650,PUBLISHED,Published,,2010,2010,,AFR,Africa,,COG,2010,2010,Congo,,1 835 [ 1 740- 1 940],1835.00000,1740.00000,1940.00000,,,
MALARIA_EST_DEATHS,Estimated number of malaria deaths,https://www.who.int/data/gho/indicator-metadata-registry/imr-details/4650,PUBLISHED,Published,,2011,2011,,AFR,Africa,,COG,2011,2011,Congo,,1 870 [ 1 760- 1 990],1870.00000,1760.00000,1990.00000,,,
MALARIA_EST_DEATHS,Estimated number of malaria deaths,https://www.who.int/data/gho/indicator-metadata-registry/imr-details/4650,PUBLISHED,Published,,2012,2012,,AFR,Africa,,COG,2012,2012,Congo,,1 897 [ 1 770- 2 040],1897.00000,1770.00000,2040.00000,,,
MALARIA_EST_DEATHS,Estimated number of malaria deaths,https://www.who.int/data/gho/indicator-metadata-registry/imr-details/4650,PUBLISHED,Published,,2013,2013,,AFR,Africa,,COG,2013,2013,Congo,,2 015 [ 1 840- 2 230],2015.00000,1840.00000,2230.00000,,,
MALARIA_EST_DEATHS,Estimated number of malaria deaths,https://www.who.int/data/gho/indicator-metadata-registry/imr-details/4650,PUBLISHED,Published,,2014,2014,,AFR,Africa,,COG,2014,2014,Congo,,2 047 [ 1 850- 2 310],2047.00000,1850.00000,2310.00000,,,
MALARIA_EST_DEATHS,Estimated number of malaria deaths,https://www.who.int/data/gho/indicator-metadata-registry/imr-details/4650,PUBLISHED,Published,,2015,2015,,AFR,Africa,,COG,2015,2015,Congo,,2 023 [ 1 820- 2 320],2023.00000,1820.00000,2320.00000,,,
MALARIA_EST_DEATHS,Estimated number of malaria deaths,https://www.who.int/data/gho/indicator-metadata-registry/imr-details/4650,PUBLISHED,Published,,2016,2016,,AFR,Africa,,COG,2016,2016,Congo,,2 118 [ 1 870- 2 500],2118.00000,1870.00000,2500.00000,,,
MALARIA_EST_DEATHS,Estimated number of malaria deaths,https://www.who.int/data/gho/indicator-metadata-registry/imr-details/4650,PUBLISHED,Published,,2017,2017,,AFR,Africa,,COG,2017,2017,Congo,,2 200 [ 1 920- 2 670],2200.00000,1920.00000,2670.00000,,,
MALARIA_EST_DEATHS,Estimated number of malaria deaths,https://www.who.int/data/gho/indicator-metadata-registry/imr-details/4650,PUBLISHED,Published,,2018,2018,,AFR,Africa,,COG,2018,2018,Congo,,2 191 [ 1 910- 2 690],2191.00000,1910.00000,2690.00000,,,
MALARIA_EST_DEATHS,Estimated number of malaria deaths,https://www.who.int/data/gho/indicator-metadata-registry/imr-details/4650,PUBLISHED,Published,,2019,2019,,AFR,Africa,,COG,2019,2019,Congo,,2 220 [ 1 930- 2 770],2220.00000,1930.00000,2770.00000,,,
MALARIA_EST_DEATHS,Estimated number of malaria deaths,https://www.who.int/data/gho/indicator-metadata-registry/imr-details/4650,PUBLISHED,Published,,2020,2020,,AFR,Africa,,COG,2020,2020,Congo,,2 354 [ 1 920- 3 370],2354.00000,1920.00000,3370.00000,,,
MALARIA_EST_MORTALITY,Estimated malaria mortality rate (per 100 000 population),https://www.who.int/data/gho/indicator-metadata-registry/imr-details/16,PUBLISHED,Published,,2000,2000,,AFR,Africa,,COG,2000,2000,Congo,,97.0 [90.3-104.5],97.01287,90.33005,104.49508,,,
MALARIA_EST_MORTALITY,Estimated malaria mortality rate (per 100 000 population),https://www.who.int/data/gho/indicator-metadata-registry/imr-details/16,PUBLISHED,Published,,2001,2001,,AFR,Africa,,COG,2001,2001,Congo,,92.7 [86.5-99.8],92.69934,86.48417,99.75357,,,
MALARIA_EST_MORTALITY,Estimated malaria mortality rate (per 100 000 population),https://www.who.int/data/gho/indicator-metadata-registry/imr-details/16,PUBLISHED,Published,,2002,2002,,AFR,Africa,,COG,2002,2002,Congo,,83.0 [77.8-88.9],83.04193,77.84614,88.90304,,,
MALARIA_EST_MORTALITY,Estimated malaria mortality rate (per 100 000 population),https://www.who.int/data/gho/indicator-metadata-registry/imr-details/16,PUBLISHED,Published,,2003,2003,,AFR,Africa,,COG,2003,2003,Congo,,77.2 [72.5-82.4],77.19594,72.49961,82.42061,,,
MALARIA_EST_MORTALITY,Estimated malaria mortality rate (per 100 000 population),https://www.who.int/data/gho/indicator-metadata-registry/imr-details/16,PUBLISHED,Published,,2004,2004,,AFR,Africa,,COG,2004,2004,Congo,,71.4 [67.2-76.0],71.35801,67.22750,76.00126,,,
MALARIA_EST_MORTALITY,Estimated malaria mortality rate (per 100 000 population),https://www.who.int/data/gho/indicator-metadata-registry/imr-details/16,PUBLISHED,Published,,2005,2005,,AFR,Africa,,COG,2005,2005,Congo,,65.3 [61.6-69.4],65.30905,61.58263,69.44952,,,
MALARIA_EST_MORTALITY,Estimated malaria mortality rate (per 100 000 population),https://www.who.int/data/gho/indicator-metadata-registry/imr-details/16,PUBLISHED,Published,,2006,2006,,AFR,Africa,,COG,2006,2006,Congo,,58.7 [55.4-62.3],58.68935,55.43180,62.32072,,,
MALARIA_EST_MORTALITY,Estimated malaria mortality rate (per 100 000 population),https://www.who.int/data/gho/indicator-metadata-registry/imr-details/16,PUBLISHED,Published,,2007,2007,,AFR,Africa,,COG,2007,2007,Congo,,52.3 [49.5-55.3],52.32032,49.50823,55.28720,,,
MALARIA_EST_MORTALITY,Estimated malaria mortality rate (per 100 000 population),https://www.who.int/data/gho/indicator-metadata-registry/imr-details/16,PUBLISHED,Published,,2008,2008,,AFR,Africa,,COG,2008,2008,Congo,,46.6 [44.4-49.1],46.64106,44.39688,49.05911,,,
MALARIA_EST_MORTALITY,Estimated malaria mortality rate (per 100 000 population),https://www.who.int/data/gho/indicator-metadata-registry/imr-details/16,PUBLISHED,Published,,2009,2009,,AFR,Africa,,COG,2009,2009,Congo,,44.1 [42.0-46.4],44.09707,42.04661,46.38877,,,
MALARIA_EST_MORTALITY,Estimated malaria mortality rate (per 100 000 population),https://www.who.int/data/gho/indicator-metadata-registry/imr-details/16,PUBLISHED,Published,,2010,2010,,AFR,Africa,,COG,2010,2010,Congo,,42.9 [40.8-45.3],42.93665,40.83077,45.32332,,,
MALARIA_IRS_COVERAGE,Number of people protected from malaria by indoor residual spraying (IRS),https://www.who.int/data/gho/indicator-metadata-registry/imr-details/2244,PUBLISHED,Published,,2020,2020,,AFR,Africa,,COG,2020,2020,Congo,,,,,,,,
MALARIA_IRS_COVERAGE,Number of people protected from malaria by indoor residual spraying (IRS),https://www.who.int/data/gho/indicator-metadata-registry/imr-details/2244,PUBLISHED,Published,,2019,2019,,AFR,Africa,,COG,2019,2019,Congo,,,,,,,,
MALARIA_IRS_COVERAGE,Number of people protected from malaria by indoor residual spraying (IRS),https://www.who.int/data/gho/indicator-metadata-registry/imr-details/2244,PUBLISHED,Published,,2018,2018,,AFR,Africa,,COG,2018,2018,Congo,,,,,,,,
MALARIA_EST_MORTALITY,Estimated malaria mortality rate (per 100 000 population),https://www.who.int/data/gho/indicator-metadata-registry/imr-details/16,PUBLISHED,Published,,2011,2011,,AFR,Africa,,COG,2011,2011,Congo,,42.5 [40.1-45.2],42.54988,40.11521,45.21209,,,
MALARIA_EST_MORTALITY,Estimated malaria mortality rate (per 100 000 population),https://www.who.int/data/gho/indicator-metadata-registry/imr-details/16,PUBLISHED,Published,,2012,2012,,AFR,Africa,,COG,2012,2012,Congo,,42.1 [39.2-45.3],42.06025,39.15572,45.29736,,,
MALARIA_EST_MORTALITY,Estimated malaria mortality rate (per 100 000 population),https://www.who.int/data/gho/indicator-metadata-registry/imr-details/16,PUBLISHED,Published,,2013,2013,,AFR,Africa,,COG,2013,2013,Congo,,43.6 [39.8-48.2],43.58871,39.80309,48.15308,,,
MALARIA_EST_MORTALITY,Estimated malaria mortality rate (per 100 000 population),https://www.who.int/data/gho/indicator-metadata-registry/imr-details/16,PUBLISHED,Published,,2014,2014,,AFR,Africa,,COG,2014,2014,Congo,,43.2 [39.0-48.8],43.21332,38.99121,48.84984,,,
MALARIA_EST_MORTALITY,Estimated malaria mortality rate (per 100 000 population),https://www.who.int/data/gho/indicator-metadata-registry/imr-details/16,PUBLISHED,Published,,2015,2015,,AFR,Africa,,COG,2015,2015,Congo,,41.7 [37.4-47.9],41.65900,37.41691,47.85740,,,
MALARIA_EST_MORTALITY,Estimated malaria mortality rate (per 100 000 population),https://www.who.int/data/gho/indicator-metadata-registry/imr-details/16,PUBLISHED,Published,,2016,2016,,AFR,Africa,,COG,2016,2016,Congo,,42.5 [37.6-50.2],42.52162,37.56277,50.17069,,,
MALARIA_EST_MORTALITY,Estimated malaria mortality rate (per 100 000 population),https://www.who.int/data/gho/indicator-metadata-registry/imr-details/16,PUBLISHED,Published,,2017,2017,,AFR,Africa,,COG,2017,2017,Congo,,43.0 [37.6-52.2],43.04693,37.58731,52.24332,,,
MALARIA_EST_MORTALITY,Estimated malaria mortality rate (per 100 000 population),https://www.who.int/data/gho/indicator-metadata-registry/imr-details/16,PUBLISHED,Published,,2018,2018,,AFR,Africa,,COG,2018,2018,Congo,,41.8 [36.4-51.3],41.77819,36.43913,51.33131,,,
MALARIA_EST_MORTALITY,Estimated malaria mortality rate (per 100 000 population),https://www.who.int/data/gho/indicator-metadata-registry/imr-details/16,PUBLISHED,Published,,2019,2019,,AFR,Africa,,COG,2019,2019,Congo,,41.3 [35.8-51.4],41.26008,35.81449,51.42641,,,
MALARIA_EST_MORTALITY,Estimated malaria mortality rate (per 100 000 population),https://www.who.int/data/gho/indicator-metadata-registry/imr-details/16,PUBLISHED,Published,,2020,2020,,AFR,Africa,,COG,2020,2020,Congo,,42.7 [34.9-61.1],42.65967,34.88525,61.08996,,,
MALARIA_RDT_TEST,Number of malaria suspects examined by rapid diagnostic test (RDT),https://www.who.int/data/gho/indicator-metadata-registry/imr-details/2247,PUBLISHED,Published,,2014,2014,,AFR,Africa,,COG,2014,2014,Congo,,19 746,19746.00000,,,,,
MALARIA_RDT_TEST,Number of malaria suspects examined by rapid diagnostic test (RDT),https://www.who.int/data/gho/indicator-metadata-registry/imr-details/2247,PUBLISHED,Published,,2016,2016,,AFR,Africa,,COG,2016,2016,Congo,,60 927,60927.00000,,,,,
MALARIA_RDT_TEST,Number of malaria suspects examined by rapid diagnostic test (RDT),https://www.who.int/data/gho/indicator-metadata-registry/imr-details/2247,PUBLISHED,Published,,2020,2020,,AFR,Africa,,COG,2020,2020,Congo,,53 998,53998.00000,,,,,
MALARIA_RDT_POS,Number of malaria positive cases by rapid diagnostic test (RDT),https://www.who.int/data/gho/indicator-metadata-registry/imr-details/2248,PUBLISHED,Published,,2014,2014,,AFR,Africa,,COG,2014,2014,Congo,,11 800,11800.00000,,,,,
MALARIA_RDT_POS,Number of malaria positive cases by rapid diagnostic test (RDT),https://www.who.int/data/gho/indicator-metadata-registry/imr-details/2248,PUBLISHED,Published,,2016,2016,,AFR,Africa,,COG,2016,2016,Congo,,37 235,37235.00000,,,,,
MALARIA_RDT_POS,Number of malaria positive cases by rapid diagnostic test (RDT),https://www.who.int/data/gho/indicator-metadata-registry/imr-details/2248,PUBLISHED,Published,,2020,2020,,AFR,Africa,,COG,2020,2020,Congo,,36 190,36190.00000,,,,,
MALARIA_SUSPECTS,Number of suspected malaria cases,https://www.who.int/data/gho/indicator-metadata-registry/imr-details/4633,PUBLISHED,Published,,2013,2013,,AFR,Africa,,COG,2013,2013,Congo,,209 169,209169.00000,,,,,
MALARIA_SUSPECTS,Number of suspected malaria cases,https://www.who.int/data/gho/indicator-metadata-registry/imr-details/4633,PUBLISHED,Published,,2014,2014,,AFR,Africa,,COG,2014,2014,Congo,,290 346,290346.00000,,,,,
MALARIA_SUSPECTS,Number of suspected malaria cases,https://www.who.int/data/gho/indicator-metadata-registry/imr-details/4633,PUBLISHED,Published,,2015,2015,,AFR,Africa,,COG,2015,2015,Congo,,300 592,300592.00000,,,,,
MALARIA_SUSPECTS,Number of suspected malaria cases,https://www.who.int/data/gho/indicator-metadata-registry/imr-details/4633,PUBLISHED,Published,,2016,2016,,AFR,Africa,,COG,2016,2016,Congo,,466 254,466254.00000,,,,,
MALARIA_SUSPECTS,Number of suspected malaria cases,https://www.who.int/data/gho/indicator-metadata-registry/imr-details/4633,PUBLISHED,Published,,2017,2017,,AFR,Africa,,COG,2017,2017,Congo,,322 916,322916.00000,,,,,
MALARIA_SUSPECTS,Number of suspected malaria cases,https://www.who.int/data/gho/indicator-metadata-registry/imr-details/4633,PUBLISHED,Published,,2018,2018,,AFR,Africa,,COG,2018,2018,Congo,,385 729,385729.00000,,,,,
MALARIA_SUSPECTS,Number of suspected malaria cases,https://www.who.int/data/gho/indicator-metadata-registry/imr-details/4633,PUBLISHED,Published,,2019,2019,,AFR,Africa,,COG,2019,2019,Congo,,594 237,594237.00000,,,,,
MALARIA_SUSPECTS,Number of suspected malaria cases,https://www.who.int/data/gho/indicator-metadata-registry/imr-details/4633,PUBLISHED,Published,,2020,2020,,AFR,Africa,,COG,2020,2020,Congo,,146 262,146262.00000,,,,,
MALARIA_MICR_TEST,Number of malaria suspects examined by microscopy,https://www.who.int/data/gho/indicator-metadata-registry/imr-details/4634,PUBLISHED,Published,,2013,2013,,AFR,Africa,,COG,2013,2013,Congo,,69 375,69375.00000,,,,,
MALARIA_MICR_TEST,Number of malaria suspects examined by microscopy,https://www.who.int/data/gho/indicator-metadata-registry/imr-details/4634,PUBLISHED,Published,,2014,2014,,AFR,Africa,,COG,2014,2014,Congo,,88 764,88764.00000,,,,,
MALARIA_MICR_TEST,Number of malaria suspects examined by microscopy,https://www.who.int/data/gho/indicator-metadata-registry/imr-details/4634,PUBLISHED,Published,,2015,2015,,AFR,Africa,,COG,2015,2015,Congo,,87 547,87547.00000,,,,,
MALARIA_MICR_TEST,Number of malaria suspects examined by microscopy,https://www.who.int/data/gho/indicator-metadata-registry/imr-details/4634,PUBLISHED,Published,,2016,2016,,AFR,Africa,,COG,2016,2016,Congo,,202 922,202922.00000,,,,,
MALARIA_MICR_TEST,Number of malaria suspects examined by microscopy,https://www.who.int/data/gho/indicator-metadata-registry/imr-details/4634,PUBLISHED,Published,,2017,2017,,AFR,Africa,,COG,2017,2017,Congo,,153 203,153203.00000,,,,,
MALARIA_MICR_TEST,Number of malaria suspects examined by microscopy,https://www.who.int/data/gho/indicator-metadata-registry/imr-details/4634,PUBLISHED,Published,,2018,2018,,AFR,Africa,,COG,2018,2018,Congo,,178 017,178017.00000,,,,,
MALARIA_MICR_TEST,Number of malaria suspects examined by microscopy,https://www.who.int/data/gho/indicator-metadata-registry/imr-details/4634,PUBLISHED,Published,,2019,2019,,AFR,Africa,,COG,2019,2019,Congo,,166 278,166278.00000,,,,,
MALARIA_MICR_TEST,Number of malaria suspects examined by microscopy,https://www.who.int/data/gho/indicator-metadata-registry/imr-details/4634,PUBLISHED,Published,,2020,2020,,AFR,Africa,,COG,2020,2020,Congo,,80 110,80110.00000,,,,,
MALARIA_PF_INDIG,Number of indigenous P. falciparum malaria cases,https://www.who.int/data/gho/indicator-metadata-registry/imr-details/4635,PUBLISHED,Published,,2011,2011,,AFR,Africa,,COG,2011,2011,Congo,,37 744,37744.00000,,,,,
MALARIA_PF_INDIG,Number of indigenous P. falciparum malaria cases,https://www.who.int/data/gho/indicator-metadata-registry/imr-details/4635,PUBLISHED,Published,,2012,2012,,AFR,Africa,,COG,2012,2012,Congo,,120 319,120319.00000,,,,,
MALARIA_PF_INDIG,Number of indigenous P. falciparum malaria cases,https://www.who.int/data/gho/indicator-metadata-registry/imr-details/4635,PUBLISHED,Published,,2013,2013,,AFR,Africa,,COG,2013,2013,Congo,,43 232,43232.00000,,,,,
MALARIA_PF_INDIG,Number of indigenous P. falciparum malaria cases,https://www.who.int/data/gho/indicator-metadata-registry/imr-details/4635,PUBLISHED,Published,,2014,2014,,AFR,Africa,,COG,2014,2014,Congo,,66 323,66323.00000,,,,,
MALARIA_PF_INDIG,Number of indigenous P. falciparum malaria cases,https://www.who.int/data/gho/indicator-metadata-registry/imr-details/4635,PUBLISHED,Published,,2015,2015,,AFR,Africa,,COG,2015,2015,Congo,,51 529,51529.00000,,,,,
MALARIA_PF_INDIG,Number of indigenous P. falciparum malaria cases,https://www.who.int/data/gho/indicator-metadata-registry/imr-details/4635,PUBLISHED,Published,,2016,2016,,AFR,Africa,,COG,2016,2016,Congo,,171 847,171847.00000,,,,,
MALARIA_PF_INDIG,Number of indigenous P. falciparum malaria cases,https://www.who.int/data/gho/indicator-metadata-registry/imr-details/4635,PUBLISHED,Published,,2017,2017,,AFR,Africa,,COG,2017,2017,Congo,,127 939,127939.00000,,,,,
MALARIA_PF_INDIG,Number of indigenous P. falciparum malaria cases,https://www.who.int/data/gho/indicator-metadata-registry/imr-details/4635,PUBLISHED,Published,,2018,2018,,AFR,Africa,,COG,2018,2018,Congo,,116 903,116903.00000,,,,,
MALARIA_PF_INDIG,Number of indigenous P. falciparum malaria cases,https://www.who.int/data/gho/indicator-metadata-registry/imr-details/4635,PUBLISHED,Published,,2019,2019,,AFR,Africa,,COG,2019,2019,Congo,,117 837,117837.00000,,,,,
MALARIA_PF_INDIG,Number of indigenous P. falciparum malaria cases,https://www.who.int/data/gho/indicator-metadata-registry/imr-details/4635,PUBLISHED,Published,,2020,2020,,AFR,Africa,,COG,2020,2020,Congo,,91 538,91538.00000,,,,,
MALARIA_MICR_POS,Number of malaria positive cases by microscopy,https://www.who.int/data/gho/indicator-metadata-registry/imr-details/4641,PUBLISHED,Published,,2011,2011,,AFR,Africa,,COG,2011,2011,Congo,,37 744,37744.00000,,,,,
MALARIA_MICR_POS,Number of malaria positive cases by microscopy,https://www.who.int/data/gho/indicator-metadata-registry/imr-details/4641,PUBLISHED,Published,,2012,2012,,AFR,Africa,,COG,2012,2012,Congo,,120 319,120319.00000,,,,,
MALARIA_MICR_POS,Number of malaria positive cases by microscopy,https://www.who.int/data/gho/indicator-metadata-registry/imr-details/4641,PUBLISHED,Published,,2013,2013,,AFR,Africa,,COG,2013,2013,Congo,,43 232,43232.00000,,,,,
MALARIA_MICR_POS,Number of malaria positive cases by microscopy,https://www.who.int/data/gho/indicator-metadata-registry/imr-details/4641,PUBLISHED,Published,,2014,2014,,AFR,Africa,,COG,2014,2014,Congo,,54 523,54523.00000,,,,,
MALARIA_MICR_POS,Number of malaria positive cases by microscopy,https://www.who.int/data/gho/indicator-metadata-registry/imr-details/4641,PUBLISHED,Published,,2015,2015,,AFR,Africa,,COG,2015,2015,Congo,,51 529,51529.00000,,,,,
MALARIA_MICR_POS,Number of malaria positive cases by microscopy,https://www.who.int/data/gho/indicator-metadata-registry/imr-details/4641,PUBLISHED,Published,,2016,2016,,AFR,Africa,,COG,2016,2016,Congo,,134 612,134612.00000,,,,,
MALARIA_MICR_POS,Number of malaria positive cases by microscopy,https://www.who.int/data/gho/indicator-metadata-registry/imr-details/4641,PUBLISHED,Published,,2017,2017,,AFR,Africa,,COG,2017,2017,Congo,,127 939,127939.00000,,,,,
MALARIA_MICR_POS,Number of malaria positive cases by microscopy,https://www.who.int/data/gho/indicator-metadata-registry/imr-details/4641,PUBLISHED,Published,,2018,2018,,AFR,Africa,,COG,2018,2018,Congo,,116 903,116903.00000,,,,,
MALARIA_MICR_POS,Number of malaria positive cases by microscopy,https://www.who.int/data/gho/indicator-metadata-registry/imr-details/4641,PUBLISHED,Published,,2019,2019,,AFR,Africa,,COG,2019,2019,Congo,,117 837,117837.00000,,,,,
MALARIA_MICR_POS,Number of malaria positive cases by microscopy,https://www.who.int/data/gho/indicator-metadata-registry/imr-details/4641,PUBLISHED,Published,,2020,2020,,AFR,Africa,,COG,2020,2020,Congo,,55 348,55348.00000,,,,,
MALARIA_EST_INCIDENCE,Estimated malaria incidence (per 1000 population at risk),https://www.who.int/data/gho/indicator-metadata-registry/imr-details/4670,PUBLISHED,Published,,2000,2000,,AFR,Africa,,COG,2000,2000,Congo,,355.4 [243.7-499.9],355.36097,243.74442,499.88216,,,
MALARIA_EST_INCIDENCE,Estimated malaria incidence (per 1000 population at risk),https://www.who.int/data/gho/indicator-metadata-registry/imr-details/4670,PUBLISHED,Published,,2001,2001,,AFR,Africa,,COG,2001,2001,Congo,,351.3 [245.9-494.8],351.27551,245.86191,494.81219,,,
MALARIA_EST_INCIDENCE,Estimated malaria incidence (per 1000 population at risk),https://www.who.int/data/gho/indicator-metadata-registry/imr-details/4670,PUBLISHED,Published,,2002,2002,,AFR,Africa,,COG,2002,2002,Congo,,319.9 [213.1-459.4],319.89327,213.11374,459.44510,,,
MALARIA_EST_INCIDENCE,Estimated malaria incidence (per 1000 population at risk),https://www.who.int/data/gho/indicator-metadata-registry/imr-details/4670,PUBLISHED,Published,,2003,2003,,AFR,Africa,,COG,2003,2003,Congo,,314.5 [205.9-458.7],314.45633,205.89605,458.66096,,,
MALARIA_EST_INCIDENCE,Estimated malaria incidence (per 1000 population at risk),https://www.who.int/data/gho/indicator-metadata-registry/imr-details/4670,PUBLISHED,Published,,2004,2004,,AFR,Africa,,COG,2004,2004,Congo,,308.7 [203.6-452.4],308.72835,203.64617,452.37595,,,
MALARIA_EST_INCIDENCE,Estimated malaria incidence (per 1000 population at risk),https://www.who.int/data/gho/indicator-metadata-registry/imr-details/4670,PUBLISHED,Published,,2005,2005,,AFR,Africa,,COG,2005,2005,Congo,,287.1 [192.9-415.2],287.13403,192.85234,415.24706,,,
MALARIA_EST_INCIDENCE,Estimated malaria incidence (per 1000 population at risk),https://www.who.int/data/gho/indicator-metadata-registry/imr-details/4670,PUBLISHED,Published,,2006,2006,,AFR,Africa,,COG,2006,2006,Congo,,263.7 [176.7-380.5],263.65482,176.65884,380.53319,,,
MALARIA_EST_INCIDENCE,Estimated malaria incidence (per 1000 population at risk),https://www.who.int/data/gho/indicator-metadata-registry/imr-details/4670,PUBLISHED,Published,,2007,2007,,AFR,Africa,,COG,2007,2007,Congo,,241.4 [160.9-347.6],241.40668,160.94774,347.60071,,,
MALARIA_EST_INCIDENCE,Estimated malaria incidence (per 1000 population at risk),https://www.who.int/data/gho/indicator-metadata-registry/imr-details/4670,PUBLISHED,Published,,2008,2008,,AFR,Africa,,COG,2008,2008,Congo,,219.0 [145.7-315.8],219.01804,145.65736,315.82078,,,
MALARIA_EST_INCIDENCE,Estimated malaria incidence (per 1000 population at risk),https://www.who.int/data/gho/indicator-metadata-registry/imr-details/4670,PUBLISHED,Published,,2009,2009,,AFR,Africa,,COG,2009,2009,Congo,,206.2 [133.7-307.4],206.18565,133.66374,307.43224,,,
MALARIA_EST_INCIDENCE,Estimated malaria incidence (per 1000 population at risk),https://www.who.int/data/gho/indicator-metadata-registry/imr-details/4670,PUBLISHED,Published,,2010,2010,,AFR,Africa,,COG,2010,2010,Congo,,201.1 [127.9-302.3],201.13329,127.94125,302.25809,,,
MALARIA_EST_INCIDENCE,Estimated malaria incidence (per 1000 population at risk),https://www.who.int/data/gho/indicator-metadata-registry/imr-details/4670,PUBLISHED,Published,,2011,2011,,AFR,Africa,,COG,2011,2011,Congo,,198.5 [127.5-289.8],198.48199,127.48686,289.81709,,,
MALARIA_EST_INCIDENCE,Estimated malaria incidence (per 1000 population at risk),https://www.who.int/data/gho/indicator-metadata-registry/imr-details/4670,PUBLISHED,Published,,2012,2012,,AFR,Africa,,COG,2012,2012,Congo,,195.7 [133.3-278.4],195.69167,133.28103,278.43284,,,
MALARIA_EST_INCIDENCE,Estimated malaria incidence (per 1000 population at risk),https://www.who.int/data/gho/indicator-metadata-registry/imr-details/4670,PUBLISHED,Published,,2013,2013,,AFR,Africa,,COG,2013,2013,Congo,,193.9 [133.6-273.1],193.94920,133.57660,273.05178,,,
MALARIA_EST_INCIDENCE,Estimated malaria incidence (per 1000 population at risk),https://www.who.int/data/gho/indicator-metadata-registry/imr-details/4670,PUBLISHED,Published,,2014,2014,,AFR,Africa,,COG,2014,2014,Congo,,186.5 [127.7-264.0],186.50001,127.70686,263.96427,,,
MALARIA_EST_INCIDENCE,Estimated malaria incidence (per 1000 population at risk),https://www.who.int/data/gho/indicator-metadata-registry/imr-details/4670,PUBLISHED,Published,,2015,2015,,AFR,Africa,,COG,2015,2015,Congo,,184.0 [123.3-261.5],184.01419,123.31128,261.53189,,,
MALARIA_EST_INCIDENCE,Estimated malaria incidence (per 1000 population at risk),https://www.who.int/data/gho/indicator-metadata-registry/imr-details/4670,PUBLISHED,Published,,2016,2016,,AFR,Africa,,COG,2016,2016,Congo,,190.0 [120.8-285.8],190.02404,120.83173,285.76140,,,
MALARIA_EST_INCIDENCE,Estimated malaria incidence (per 1000 population at risk),https://www.who.int/data/gho/indicator-metadata-registry/imr-details/4670,PUBLISHED,Published,,2017,2017,,AFR,Africa,,COG,2017,2017,Congo,,205.8 [123.8-321.3],205.83869,123.78619,321.30324,,,
MALARIA_EST_INCIDENCE,Estimated malaria incidence (per 1000 population at risk),https://www.who.int/data/gho/indicator-metadata-registry/imr-details/4670,PUBLISHED,Published,,2018,2018,,AFR,Africa,,COG,2018,2018,Congo,,217.6 [134.4-334.5],217.63234,134.44090,334.45383,,,
MALARIA_EST_INCIDENCE,Estimated malaria incidence (per 1000 population at risk),https://www.who.int/data/gho/indicator-metadata-registry/imr-details/4670,PUBLISHED,Published,,2019,2019,,AFR,Africa,,COG,2019,2019,Congo,,215.9 [139.7-321.2],215.91713,139.71693,321.23631,,,
MALARIA_EST_INCIDENCE,Estimated malaria incidence (per 1000 population at risk),https://www.who.int/data/gho/indicator-metadata-registry/imr-details/4670,PUBLISHED,Published,,2020,2020,,AFR,Africa,,COG,2020,2020,Congo,,213.2 [130.8-331.0],213.17713,130.83965,330.97532,,,
MALARIA_TOTAL_CASES,Total number of  malaria cases (presumed + confirmed cases),https://www.who.int/data/gho/indicator-metadata-registry/imr-details/2237,PUBLISHED,Published,,2010,2010,,AFR,Africa,,COG,2010,2010,Congo,,446 656,446656.00000,,,,,
MALARIA_TOTAL_CASES,Total number of  malaria cases (presumed + confirmed cases),https://www.who.int/data/gho/indicator-metadata-registry/imr-details/2237,PUBLISHED,Published,,2011,2011,,AFR,Africa,,COG,2011,2011,Congo,,277 263,277263.00000,,,,,
MALARIA_TOTAL_CASES,Total number of  malaria cases (presumed + confirmed cases),https://www.who.int/data/gho/indicator-metadata-registry/imr-details/2237,PUBLISHED,Published,,2012,2012,,AFR,Africa,,COG,2012,2012,Congo,,120 319,120319.00000,,,,,
MALARIA_TOTAL_CASES,Total number of  malaria cases (presumed + confirmed cases),https://www.who.int/data/gho/indicator-metadata-registry/imr-details/2237,PUBLISHED,Published,,2013,2013,,AFR,Africa,,COG,2013,2013,Congo,,183 026,183026.00000,,,,,
MALARIA_TOTAL_CASES,Total number of  malaria cases (presumed + confirmed cases),https://www.who.int/data/gho/indicator-metadata-registry/imr-details/2237,PUBLISHED,Published,,2014,2014,,AFR,Africa,,COG,2014,2014,Congo,,248 159,248159.00000,,,,,
MALARIA_TOTAL_CASES,Total number of  malaria cases (presumed + confirmed cases),https://www.who.int/data/gho/indicator-metadata-registry/imr-details/2237,PUBLISHED,Published,,2015,2015,,AFR,Africa,,COG,2015,2015,Congo,,264 574,264574.00000,,,,,
MALARIA_TOTAL_CASES,Total number of  malaria cases (presumed + confirmed cases),https://www.who.int/data/gho/indicator-metadata-registry/imr-details/2237,PUBLISHED,Published,,2016,2016,,AFR,Africa,,COG,2016,2016,Congo,,374 252,374252.00000,,,,,
MALARIA_TOTAL_CASES,Total number of  malaria cases (presumed + confirmed cases),https://www.who.int/data/gho/indicator-metadata-registry/imr-details/2237,PUBLISHED,Published,,2017,2017,,AFR,Africa,,COG,2017,2017,Congo,,297 652,297652.00000,,,,,
MALARIA_TOTAL_CASES,Total number of  malaria cases (presumed + confirmed cases),https://www.who.int/data/gho/indicator-metadata-registry/imr-details/2237,PUBLISHED,Published,,2018,2018,,AFR,Africa,,COG,2018,2018,Congo,,324 615,324615.00000,,,,,
MALARIA_TOTAL_CASES,Total number of  malaria cases (presumed + confirmed cases),https://www.who.int/data/gho/indicator-metadata-registry/imr-details/2237,PUBLISHED,Published,,2019,2019,,AFR,Africa,,COG,2019,2019,Congo,,545 796,545796.00000,,,,,
MALARIA_TOTAL_CASES,Total number of  malaria cases (presumed + confirmed cases),https://www.who.int/data/gho/indicator-metadata-registry/imr-details/2237,PUBLISHED,Published,,2020,2020,,AFR,Africa,,COG,2020,2020,Congo,,103 692,103692.00000,,,,,
MALARIA_CONF_CASES,Number of confirmed malaria cases,https://www.who.int/data/gho/indicator-metadata-registry/imr-details/50,PUBLISHED,Published,,2011,2011,,AFR,Africa,,COG,2011,2011,Congo,,37 744,37744.00000,,,,,
MALARIA_CONF_CASES,Number of confirmed malaria cases,https://www.who.int/data/gho/indicator-metadata-registry/imr-details/50,PUBLISHED,Published,,2012,2012,,AFR,Africa,,COG,2012,2012,Congo,,120 319,120319.00000,,,,,
MALARIA_CONF_CASES,Number of confirmed malaria cases,https://www.who.int/data/gho/indicator-metadata-registry/imr-details/50,PUBLISHED,Published,,2013,2013,,AFR,Africa,,COG,2013,2013,Congo,,43 232,43232.00000,,,,,
MALARIA_CONF_CASES,Number of confirmed malaria cases,https://www.who.int/data/gho/indicator-metadata-registry/imr-details/50,PUBLISHED,Published,,2014,2014,,AFR,Africa,,COG,2014,2014,Congo,,66 323,66323.00000,,,,,
MALARIA_CONF_CASES,Number of confirmed malaria cases,https://www.who.int/data/gho/indicator-metadata-registry/imr-details/50,PUBLISHED,Published,,2015,2015,,AFR,Africa,,COG,2015,2015,Congo,,51 529,51529.00000,,,,,
MALARIA_CONF_CASES,Number of confirmed malaria cases,https://www.who.int/data/gho/indicator-metadata-registry/imr-details/50,PUBLISHED,Published,,2016,2016,,AFR,Africa,,COG,2016,2016,Congo,,171 847,171847.00000,,,,,
MALARIA_CONF_CASES,Number of confirmed malaria cases,https://www.who.int/data/gho/indicator-metadata-registry/imr-details/50,PUBLISHED,Published,,2017,2017,,AFR,Africa,,COG,2017,2017,Congo,,127 939,127939.00000,,,,,
MALARIA_CONF_CASES,Number of confirmed malaria cases,https://www.who.int/data/gho/indicator-metadata-registry/imr-details/50,PUBLISHED,Published,,2018,2018,,AFR,Africa,,COG,2018,2018,Congo,,116 903,116903.00000,,,,,
MALARIA_CONF_CASES,Number of confirmed malaria cases,https://www.who.int/data/gho/indicator-metadata-registry/imr-details/50,PUBLISHED,Published,,2019,2019,,AFR,Africa,,COG,2019,2019,Congo,,117 837,117837.00000,,,,,
MALARIA_CONF_CASES,Number of confirmed malaria cases,https://www.who.int/data/gho/indicator-metadata-registry/imr-details/50,PUBLISHED,Published,,2020,2020,,AFR,Africa,,COG,2020,2020,Congo,,91 538,91538.00000,,,,,
MALARIA_PRES_CASES,Number of presumed malaria cases,https://www.who.int/data/gho/indicator-metadata-registry/imr-details/2239,PUBLISHED,Published,,2010,2010,,AFR,Africa,,COG,2010,2010,Congo,,446 656,446656.00000,,,,,
MALARIA_PRES_CASES,Number of presumed malaria cases,https://www.who.int/data/gho/indicator-metadata-registry/imr-details/2239,PUBLISHED,Published,,2011,2011,,AFR,Africa,,COG,2011,2011,Congo,,239 519,239519.00000,,,,,
MALARIA_PRES_CASES,Number of presumed malaria cases,https://www.who.int/data/gho/indicator-metadata-registry/imr-details/2239,PUBLISHED,Published,,2013,2013,,AFR,Africa,,COG,2013,2013,Congo,,139 794,139794.00000,,,,,
MALARIA_PRES_CASES,Number of presumed malaria cases,https://www.who.int/data/gho/indicator-metadata-registry/imr-details/2239,PUBLISHED,Published,,2014,2014,,AFR,Africa,,COG,2014,2014,Congo,,181 836,181836.00000,,,,,
MALARIA_PRES_CASES,Number of presumed malaria cases,https://www.who.int/data/gho/indicator-metadata-registry/imr-details/2239,PUBLISHED,Published,,2015,2015,,AFR,Africa,,COG,2015,2015,Congo,,213 045,213045.00000,,,,,
MALARIA_PRES_CASES,Number of presumed malaria cases,https://www.who.int/data/gho/indicator-metadata-registry/imr-details/2239,PUBLISHED,Published,,2016,2016,,AFR,Africa,,COG,2016,2016,Congo,,202 405,202405.00000,,,,,
MALARIA_PRES_CASES,Number of presumed malaria cases,https://www.who.int/data/gho/indicator-metadata-registry/imr-details/2239,PUBLISHED,Published,,2017,2017,,AFR,Africa,,COG,2017,2017,Congo,,169 713,169713.00000,,,,,
MALARIA_PRES_CASES,Number of presumed malaria cases,https://www.who.int/data/gho/indicator-metadata-registry/imr-details/2239,PUBLISHED,Published,,2018,2018,,AFR,Africa,,COG,2018,2018,Congo,,207 712,207712.00000,,,,,
MALARIA_PRES_CASES,Number of presumed malaria cases,https://www.who.int/data/gho/indicator-metadata-registry/imr-details/2239,PUBLISHED,Published,,2019,2019,,AFR,Africa,,COG,2019,2019,Congo,,427 959,427959.00000,,,,,
MALARIA_PRES_CASES,Number of presumed malaria cases,https://www.who.int/data/gho/indicator-metadata-registry/imr-details/2239,PUBLISHED,Published,,2020,2020,,AFR,Africa,,COG,2020,2020,Congo,,12 154,12154.00000,,,,,
MALARIA_INDIG,Number of indigenous malaria cases,https://www.who.int/data/gho/indicator-metadata-registry/imr-details/4640,PUBLISHED,Published,,2011,2011,,AFR,Africa,,COG,2011,2011,Congo,,37 744,37744.00000,,,,,
MALARIA_INDIG,Number of indigenous malaria cases,https://www.who.int/data/gho/indicator-metadata-registry/imr-details/4640,PUBLISHED,Published,,2012,2012,,AFR,Africa,,COG,2012,2012,Congo,,120 319,120319.00000,,,,,
MALARIA_INDIG,Number of indigenous malaria cases,https://www.who.int/data/gho/indicator-metadata-registry/imr-details/4640,PUBLISHED,Published,,2013,2013,,AFR,Africa,,COG,2013,2013,Congo,,43 232,43232.00000,,,,,
MALARIA_INDIG,Number of indigenous malaria cases,https://www.who.int/data/gho/indicator-metadata-registry/imr-details/4640,PUBLISHED,Published,,2014,2014,,AFR,Africa,,COG,2014,2014,Congo,,66 323,66323.00000,,,,,
MALARIA_INDIG,Number of indigenous malaria cases,https://www.who.int/data/gho/indicator-metadata-registry/imr-details/4640,PUBLISHED,Published,,2015,2015,,AFR,Africa,,COG,2015,2015,Congo,,51 529,51529.00000,,,,,
MALARIA_INDIG,Number of indigenous malaria cases,https://www.who.int/data/gho/indicator-metadata-registry/imr-details/4640,PUBLISHED,Published,,2016,2016,,AFR,Africa,,COG,2016,2016,Congo,,171 847,171847.00000,,,,,
MALARIA_INDIG,Number of indigenous malaria cases,https://www.who.int/data/gho/indicator-metadata-registry/imr-details/4640,PUBLISHED,Published,,2017,2017,,AFR,Africa,,COG,2017,2017,Congo,,127 939,127939.00000,,,,,
MALARIA_INDIG,Number of indigenous malaria cases,https://www.who.int/data/gho/indicator-metadata-registry/imr-details/4640,PUBLISHED,Published,,2018,2018,,AFR,Africa,,COG,2018,2018,Congo,,116 903,116903.00000,,,,,
MALARIA_INDIG,Number of indigenous malaria cases,https://www.who.int/data/gho/indicator-metadata-registry/imr-details/4640,PUBLISHED,Published,,2019,2019,,AFR,Africa,,COG,2019,2019,Congo,,117 837,117837.00000,,,,,
MALARIA_INDIG,Number of indigenous malaria cases,https://www.who.int/data/gho/indicator-metadata-registry/imr-details/4640,PUBLISHED,Published,,2020,2020,,AFR,Africa,,COG,2020,2020,Congo,,91 538,91538.00000,,,,,
MALARIA_ITN_COVERAGE,"Population with access to an insecticide-treated bed net (ITN) for malaria protection (%), modelled",https://www.who.int/data/gho/indicator-metadata-registry/imr-details/2241,PUBLISHED,Published,,2020,2020,,AFR,Africa,,COG,2020,2020,Congo,,84,84.00000,,,,,
MALARIA_ITN_COVERAGE,"Population with access to an insecticide-treated bed net (ITN) for malaria protection (%), modelled",https://www.who.int/data/gho/indicator-metadata-registry/imr-details/2241,PUBLISHED,Published,,2018,2018,,AFR,Africa,,COG,2018,2018,Congo,,32.1,32.10000,,,,,
MALARIA_ITN_COVERAGE,"Population with access to an insecticide-treated bed net (ITN) for malaria protection (%), modelled",https://www.who.int/data/gho/indicator-metadata-registry/imr-details/2241,PUBLISHED,Published,,2019,2019,,AFR,Africa,,COG,2019,2019,Congo,,73.2,73.20000,,,,,
MALARIA_1STLINE_TREATED,Number of malaria cases treated with any first  line tx courses (including artemisinin-based combination therapies (ACTs)),https://www.who.int/data/gho/indicator-metadata-registry/imr-details/3549,PUBLISHED,Published,,2019,2019,,AFR,Africa,,COG,2019,2019,Congo,,427 959,427959.00000,,,,,
MALARIA_1STLINE_TREATED,Number of malaria cases treated with any first  line tx courses (including artemisinin-based combination therapies (ACTs)),https://www.who.int/data/gho/indicator-metadata-registry/imr-details/3549,PUBLISHED,Published,,2020,2020,,AFR,Africa,,COG,2020,2020,Congo,,103 692,103692.00000,,,,,
MALARIA_ACT_TREATED,Number of malaria cases treated with artemisinin-based combination therapies (ACTs),https://www.who.int/data/gho/indicator-metadata-registry/imr-details/3548,PUBLISHED,Published,,2019,2019,,AFR,Africa,,COG,2019,2019,Congo,,233 389,233389.00000,,,,,
MALARIA_ACT_TREATED,Number of malaria cases treated with artemisinin-based combination therapies (ACTs),https://www.who.int/data/gho/indicator-metadata-registry/imr-details/3548,PUBLISHED,Published,,2020,2020,,AFR,Africa,,COG,2020,2020,Congo,,103 692,103692.00000,,,,,
MALARIA_INDIG_STATUS,Status of indigenous malaria cases,https://www.who.int/data/gho/indicator-metadata-registry/imr-details/4640,PUBLISHED,Published,,2020,2020,,AFR,Africa,,COG,2020,2020,Congo,,One or more indigenous cases in 2020,,,,,,
MALARIA_IPTP3_COVERAGE,Pregnant women attending antenatal care  at least once and receiving at least 3 doses of Intermittent Preventive Treatment of Malaria for Pregnant Women (IPTp3) (%),https://www.who.int/data/gho/indicator-metadata-registry/imr-details/2851,PUBLISHED,Published,,2020,2020,,AFR,Africa,,COG,2020,2020,Congo,,3.3,0.03260,,,,,
MALARIA_IPTP3_COVERAGE,Pregnant women attending antenatal care  at least once and receiving at least 3 doses of Intermittent Preventive Treatment of Malaria for Pregnant Women (IPTp3) (%),https://www.who.int/data/gho/indicator-metadata-registry/imr-details/2851,PUBLISHED,Published,,2019,2019,,AFR,Africa,,COG,2019,2019,Congo,,7.2,0.07166,,,,,
MALARIA_IPTP3_COVERAGE,Pregnant women attending antenatal care  at least once and receiving at least 3 doses of Intermittent Preventive Treatment of Malaria for Pregnant Women (IPTp3) (%),https://www.who.int/data/gho/indicator-metadata-registry/imr-details/2851,PUBLISHED,Published,,2018,2018,,AFR,Africa,,COG,2018,2018,Congo,,7.6,0.07627,,,,,
MALARIA_IPTP3_COVERAGE,Pregnant women attending antenatal care  at least once and receiving at least 3 doses of Intermittent Preventive Treatment of Malaria for Pregnant Women (IPTp3) (%),https://www.who.int/data/gho/indicator-metadata-registry/imr-details/2851,PUBLISHED,Published,,2017,2017,,AFR,Africa,,COG,2017,2017,Congo,,5.3,0.05278,,,,,
MALARIA_IPTP3_COVERAGE,Pregnant women attending antenatal care  at least once and receiving at least 3 doses of Intermittent Preventive Treatment of Malaria for Pregnant Women (IPTp3) (%),https://www.who.int/data/gho/indicator-metadata-registry/imr-details/2851,PUBLISHED,Published,,2016,2016,,AFR,Africa,,COG,2016,2016,Congo,,2.7,0.02708,,,,,
MALARIA_IPTP3_COVERAGE,Pregnant women attending antenatal care  at least once and receiving at least 3 doses of Intermittent Preventive Treatment of Malaria for Pregnant Women (IPTp3) (%),https://www.who.int/data/gho/indicator-metadata-registry/imr-details/2851,PUBLISHED,Published,,2015,2015,,AFR,Africa,,COG,2015,2015,Congo,,4.5,0.04457,,,,,
MALARIA_IPTP3_COVERAGE,Pregnant women attending antenatal care  at least once and receiving at least 3 doses of Intermittent Preventive Treatment of Malaria for Pregnant Women (IPTp3) (%),https://www.who.int/data/gho/indicator-metadata-registry/imr-details/2851,PUBLISHED,Published,,2014,2014,,AFR,Africa,,COG,2014,2014,Congo,,3.4,0.03436,,,,,
MALARIA_IPTP3_COVERAGE,Pregnant women attending antenatal care  at least once and receiving at least 3 doses of Intermittent Preventive Treatment of Malaria for Pregnant Women (IPTp3) (%),https://www.who.int/data/gho/indicator-metadata-registry/imr-details/2851,PUBLISHED,Published,,2013,2013,,AFR,Africa,,COG,2013,2013,Congo,,0,0.00000,,,,,
MALARIA_IPTP3_COVERAGE,Pregnant women attending antenatal care  at least once and receiving at least 3 doses of Intermittent Preventive Treatment of Malaria for Pregnant Women (IPTp3) (%),https://www.who.int/data/gho/indicator-metadata-registry/imr-details/2851,PUBLISHED,Published,,2012,2012,,AFR,Africa,,COG,2012,2012,Congo,,0,0.00000,,,,,
MALARIA_IPTP3_COVERAGE,Pregnant women attending antenatal care  at least once and receiving at least 3 doses of Intermittent Preventive Treatment of Malaria for Pregnant Women (IPTp3) (%),https://www.who.int/data/gho/indicator-metadata-registry/imr-details/2851,PUBLISHED,Published,,2011,2011,,AFR,Africa,,COG,2011,2011,Congo,,0,0.00000,,,,,
MALARIA_IPTP3_COVERAGE,Pregnant women attending antenatal care  at least once and receiving at least 3 doses of Intermittent Preventive Treatment of Malaria for Pregnant Women (IPTp3) (%),https://www.who.int/data/gho/indicator-metadata-registry/imr-details/2851,PUBLISHED,Published,,2010,2010,,AFR,Africa,,COG,2010,2010,Congo,,0,0.00000,,,,,
MALARIA_EST_CASES,Estimated number of malaria cases,https://www.who.int/data/gho/indicator-metadata-registry/imr-details/2971,PUBLISHED,Published,,2000,2000,,AFR,Africa,,COG,2000,2000,Congo,,1 107 615 [794 000-1 502 000],1107615.00000,794000.00000,1502000.00000,,,
MALARIA_EST_CASES,Estimated number of malaria cases,https://www.who.int/data/gho/indicator-metadata-registry/imr-details/2971,PUBLISHED,Published,,2001,2001,,AFR,Africa,,COG,2001,2001,Congo,,1 141 982 [784 000-1 604 000],1141982.00000,784000.00000,1604000.00000,,,
MALARIA_EST_CASES,Estimated number of malaria cases,https://www.who.int/data/gho/indicator-metadata-registry/imr-details/2971,PUBLISHED,Published,,2002,2002,,AFR,Africa,,COG,2002,2002,Congo,,1 071 547 [699 000-1 599 000],1071547.00000,699000.00000,1599000.00000,,,
MALARIA_EST_CASES,Estimated number of malaria cases,https://www.who.int/data/gho/indicator-metadata-registry/imr-details/2971,PUBLISHED,Published,,2003,2003,,AFR,Africa,,COG,2003,2003,Congo,,1 093 188 [697 000-1 632 000],1093188.00000,697000.00000,1632000.00000,,,
MALARIA_EST_CASES,Estimated number of malaria cases,https://www.who.int/data/gho/indicator-metadata-registry/imr-details/2971,PUBLISHED,Published,,2004,2004,,AFR,Africa,,COG,2004,2004,Congo,,1 126 012 [727 000-1 671 000],1126012.00000,727000.00000,1671000.00000,,,
MALARIA_EST_CASES,Estimated number of malaria cases,https://www.who.int/data/gho/indicator-metadata-registry/imr-details/2971,PUBLISHED,Published,,2005,2005,,AFR,Africa,,COG,2005,2005,Congo,,1 100 055 [707 000-1 619 000],1100055.00000,707000.00000,1619000.00000,,,
MALARIA_EST_CASES,Estimated number of malaria cases,https://www.who.int/data/gho/indicator-metadata-registry/imr-details/2971,PUBLISHED,Published,,2006,2006,,AFR,Africa,,COG,2006,2006,Congo,,1 063 802 [699 000-1 559 000],1063802.00000,699000.00000,1559000.00000,,,
MALARIA_EST_CASES,Estimated number of malaria cases,https://www.who.int/data/gho/indicator-metadata-registry/imr-details/2971,PUBLISHED,Published,,2007,2007,,AFR,Africa,,COG,2007,2007,Congo,,1 015 538 [678 000-1 448 000],1015538.00000,678000.00000,1448000.00000,,,
MALARIA_EST_CASES,Estimated number of malaria cases,https://www.who.int/data/gho/indicator-metadata-registry/imr-details/2971,PUBLISHED,Published,,2008,2008,,AFR,Africa,,COG,2008,2008,Congo,,946 201 [653 000-1 321 000],946201.00000,653000.00000,1321000.00000,,,
MALARIA_EST_CASES,Estimated number of malaria cases,https://www.who.int/data/gho/indicator-metadata-registry/imr-details/2971,PUBLISHED,Published,,2009,2009,,AFR,Africa,,COG,2009,2009,Congo,,923 124 [638 000-1 295 000],923124.00000,638000.00000,1295000.00000,,,
MALARIA_EST_CASES,Estimated number of malaria cases,https://www.who.int/data/gho/indicator-metadata-registry/imr-details/2971,PUBLISHED,Published,,2010,2010,,AFR,Africa,,COG,2010,2010,Congo,,951 092 [656 000-1 332 000],951092.00000,656000.00000,1332000.00000,,,
MALARIA_EST_CASES,Estimated number of malaria cases,https://www.who.int/data/gho/indicator-metadata-registry/imr-details/2971,PUBLISHED,Published,,2011,2011,,AFR,Africa,,COG,2011,2011,Congo,,987 985 [688 000-1 386 000],987985.00000,688000.00000,1386000.00000,,,
MALARIA_EST_CASES,Estimated number of malaria cases,https://www.who.int/data/gho/indicator-metadata-registry/imr-details/2971,PUBLISHED,Published,,2012,2012,,AFR,Africa,,COG,2012,2012,Congo,,1 020 805 [713 000-1 409 000],1020805.00000,713000.00000,1409000.00000,,,
MALARIA_EST_CASES,Estimated number of malaria cases,https://www.who.int/data/gho/indicator-metadata-registry/imr-details/2971,PUBLISHED,Published,,2013,2013,,AFR,Africa,,COG,2013,2013,Congo,,1 058 288 [733 000-1 473 000],1058288.00000,733000.00000,1473000.00000,,,
MALARIA_EST_CASES,Estimated number of malaria cases,https://www.who.int/data/gho/indicator-metadata-registry/imr-details/2971,PUBLISHED,Published,,2014,2014,,AFR,Africa,,COG,2014,2014,Congo,,1 053 862 [719 000-1 492 000],1053862.00000,719000.00000,1492000.00000,,,
MALARIA_EST_CASES,Estimated number of malaria cases,https://www.who.int/data/gho/indicator-metadata-registry/imr-details/2971,PUBLISHED,Published,,2015,2015,,AFR,Africa,,COG,2015,2015,Congo,,1 068 094 [716 000-1 538 000],1068094.00000,716000.00000,1538000.00000,,,
MALARIA_EST_CASES,Estimated number of malaria cases,https://www.who.int/data/gho/indicator-metadata-registry/imr-details/2971,PUBLISHED,Published,,2016,2016,,AFR,Africa,,COG,2016,2016,Congo,,1 126 282 [707 000-1 722 000],1126282.00000,707000.00000,1722000.00000,,,
MALARIA_EST_CASES,Estimated number of malaria cases,https://www.who.int/data/gho/indicator-metadata-registry/imr-details/2971,PUBLISHED,Published,,2017,2017,,AFR,Africa,,COG,2017,2017,Congo,,1 238 519 [739 000-1 975 000],1238519.00000,739000.00000,1975000.00000,,,
MALARIA_EST_CASES,Estimated number of malaria cases,https://www.who.int/data/gho/indicator-metadata-registry/imr-details/2971,PUBLISHED,Published,,2018,2018,,AFR,Africa,,COG,2018,2018,Congo,,1 321 959 [801 000-2 068 000],1321959.00000,801000.00000,2068000.00000,,,
MALARIA_EST_CASES,Estimated number of malaria cases,https://www.who.int/data/gho/indicator-metadata-registry/imr-details/2971,PUBLISHED,Published,,2019,2019,,AFR,Africa,,COG,2019,2019,Congo,,1 324 386 [813 000-2 026 000],1324386.00000,813000.00000,2026000.00000,,,
MALARIA_EST_CASES,Estimated number of malaria cases,https://www.who.int/data/gho/indicator-metadata-registry/imr-details/2971,PUBLISHED,Published,,2020,2020,,AFR,Africa,,COG,2020,2020,Congo,,1 304 055 [820 000-1 963 000],1304055.00000,820000.00000,1963000.00000,,,
MALARIA_EST_CASES,Estimated number of malaria cases,https://www.who.int/data/gho/indicator-metadata-registry/imr-details/2971,PUBLISHED,Published,,2021,2021,,AFR,Africa,,COG,2021,2021,Congo,,1 280 047 [800 000-1 949 000],1280047.00000,800000.00000,1949000.00000,,,
